,instruction,input,output
0,"You are an expert bank customer service bot for NUST Bank. Provide accurate, helpful, and concise answers to customer questions and queries",Are there any taxes applicable on this account?,Zakat and taxes are applicable as per law.
Có bất kỳ loại thuế nào áp dụng cho tài khoản này không?,Zakat và các loại thuế được áp dụng theo quy định của pháp luật.
Phí bảo hiểm hàng tháng cho một chiếc xe trị giá 3 triệu Rupees là bao nhiêu?,"Với mức phí bảo hiểm hiện tại là 1,75% mỗi năm, phí hàng tháng sẽ là 4.375 Rupees. Mức phí bảo hiểm một khi đã được ấn định sẽ giữ nguyên trong suốt thời hạn tài trợ."
RDA Digital Customer Onboarding là gì?,"RDA Digital Customer Onboarding là một dịch vụ đổi mới của Ngân hàng NUST cho phép khách hàng mở và quản lý tài khoản của họ một cách kỹ thuật số, mang lại trải nghiệm liền mạch mà không cần phải đến trực tiếp chi nhánh."
Có điều kiện nào liên quan đến việc duy trì tài khoản ngân hàng để được sử dụng Tài chính NUST Imarat không?,Bảng sao kê tài khoản ngân hàng tối thiểu 1 năm với NUST hoặc Bảng sao kê ngân hàng tối thiểu 2 năm với bất kỳ ngân hàng nào khác.
Chuyển tiền kiều hối là gì?,"Dịch vụ Chuyển tiền kiều hối cho phép người gửi chuyển tiền từ nước ngoài về Pakistan ngay lập tức, thuận tiện và an toàn thông qua kênh ngân hàng hợp pháp."
Ngân hàng có yêu cầu vốn chủ sở hữu cho chương trình này không?,AIF 1 & AIF 2: Tối thiểu 30% (Doanh nghiệp hiện hữu) & Tối thiểu 40% (Doanh nghiệp mới). AIF 3 & AIF 4: Không yêu cầu đối với Doanh nghiệp hiện hữu & Tối thiểu 25% (Doanh nghiệp mới).
Ngân hàng có yêu cầu vốn chủ sở hữu cho chương trình này không?,AIF 1 & AIF 2: Tối thiểu 30% (Doanh nghiệp hiện hữu) & Tối thiểu 40% (Doanh nghiệp mới). AIF 3 & AIF 4: Không yêu cầu đối với Doanh nghiệp hiện hữu & Tối thiểu 25% (Doanh nghiệp mới).
Thuế Zakat và WHT có áp dụng cho Tài khoản Roshan Digital không?,Thuế Zakat và WHT trên lợi nhuận không áp dụng cho tài khoản RDA.
Tài khoản Kỹ thuật số Freelancer của NUST có giới hạn Tín dụng và Ghi nợ nào không?,"Các giới hạn Giao dịch sau được áp dụng: Giới hạn Số dư Tín dụng tối đa 5.000 USD hoặc tương đương, Giới hạn Ghi nợ Hàng tháng 5.000 USD hoặc tương đương, Giới hạn Rút tiền Mặt 500.000 PKR hoặc tương đương / mỗi ngày."
"Đối với tất cả các sản phẩm Banca của NUST Life, có tài liệu quảng cáo không?","Có, tài liệu quảng cáo cho tất cả các sản phẩm Banca của NUST Life đều có sẵn."
NUST cung cấp những loại sản phẩm Tài chính Nhà ở nào?,"Mua Nhà/ Căn hộ/ Chung cư/ Đơn vị Nhà ở, Mua Lô đất (+) cộng với Xây dựng, Xây dựng Nhà/ Đơn vị Nhà ở trên lô đất nhà ở đã sở hữu, Cải tạo Nhà/ Căn hộ/ Chung cư/ Đơn vị Nhà ở, Mở rộng/ Cải thiện, Tính năng Chuyển nhượng Số dư (BTF) đối với cơ sở tài chính hiện có của người vay từ các ngân hàng/TCTD khác. Lưu ý: Tài chính nhà ở sẽ không được cho phép chỉ để mua đất/ lô đất."
Tài khoản Little Champs là gì?,Tài khoản Little Champs là một sản phẩm được thiết kế đặc biệt cho trẻ vị thành niên (cá nhân dưới 18 tuổi). Trẻ em cần sự hỗ trợ của người giám hộ hợp pháp/cha mẹ để mở tài khoản này và sử dụng các tiện ích của nó.
Các khoản phí dịch vụ/tài liệu/pháp lý tại NUST Ujala Finance là bao nhiêu?,Theo thực tế.
Có độ tuổi tối thiểu nào để được hỗ trợ tài chính tại NUST Rice Finance không?,"Tối thiểu 20 tuổi (trong trường hợp doanh nghiệp tư nhân), tối đa 65 tuổi tại thời điểm nộp đơn. Tiêu chí này không áp dụng nếu doanh nghiệp là công ty hợp danh hoặc công ty trách nhiệm hữu hạn. Độ tuổi này có thể được nới lỏng trong trường hợp có kế hoạch kế thừa hiệu quả."
Phí xử lý cho Đơn xin Tài chính Nhà máy Bột mì NUST là bao nhiêu?,"Phí xử lý sẽ được tính @ 0,15% tổng hạn mức đã xử lý/được phê duyệt hoặc 25.000 Rs, tùy theo mức nào cao hơn."
Yêu cầu số dư mở tài khoản và số dư tối thiểu tại NAA là gì?,Tài khoản có thể được mở với 100 Rs và không có yêu cầu số dư tối thiểu.
Tỷ lệ Mark-up hiện tại của Ask Fauri Business Finance là bao nhiêu?,"AFBF-1: 3MK /COD +1.50%, AFBF-2: 12 MK /COD +2.0%, AFBF-3: Theo SOC, AFBF-4: Theo SOC."
Ngân hàng có yêu cầu vốn chủ sở hữu cho chương trình này không?,AIF 1 & AIF 2: Tối thiểu 30% (Doanh nghiệp hiện hữu) & Tối thiểu 40% (Doanh nghiệp mới). AIF 3 & AIF 4: Không yêu cầu đối với Doanh nghiệp hiện hữu & Tối thiểu 25% (Doanh nghiệp mới).
Thời hạn tối đa của Tài chính Lúa gạo NUST là bao lâu?,"Tài chính Tiền mặt: Tối đa 270 ngày hoặc theo hành lang dọn dẹp tùy theo điều kiện nào đến trước, Tài chính Hoạt động: Một năm."
Có tài khoản nào mang lại lợi nhuận hấp dẫn cho khoản tiết kiệm dài hạn của tôi không?,"Có, Tài khoản NUST Maximiser được thiết kế để đáp ứng các nhu cầu ngân hàng cơ bản của bạn và mang lại lợi nhuận hấp dẫn cho khoản tiết kiệm."
Tiêu chí Đủ điều kiện cho thực thể kinh doanh trong Ask Fauri Business Finance là gì?,Tất cả trừ cá nhân.
Phí bảo hiểm là bao nhiêu?,Tính theo thực tế.
Thị trường mục tiêu của Tài khoản Số Asaan của NUST là gì?,Tài khoản Số Asaan của NUST được thiết kế đặc biệt cho các phân khúc khách hàng không có tài khoản ngân hàng / ít sử dụng ngân hàng. Tài khoản này phù hợp nhất nhưng không giới hạn cho lực lượng lao động có tay nghề/không có tay nghề.
Các dịch vụ miễn phí có sẵn tại ASDA là gì?,"Bảng sao kê điện tử & Ngân hàng trực tuyến miễn phí, Gửi tiền/Rút tiền mặt trực tuyến miễn phí giữa các chi nhánh (Trực tuyến), Chuyển khoản nội bộ miễn phí trong NUST qua chi nhánh (Chuyển khoản trực tuyến), Phát hành Séc ngân hàng miễn phí, Cảnh báo SMS miễn phí về Giao dịch Kỹ thuật số."
Người Pakistan ở nước ngoài có thể nhận được khoản Tài chính Cá nhân từ NUST không?,"Không, việc ứng viên và người sử dụng lao động của họ phải có mặt tại Pakistan là bắt buộc để đăng ký Khoản vay Cá nhân không thế chấp."
Phí bảo hiểm là bao nhiêu?,Tính theo thực tế.
Có phạt phí rút tiền trước hạn trong Tiền gửi có kỳ hạn NUST Maximiser không?,"Việc rút tiền Tiền gửi có kỳ hạn NUST Maximiser trước ngày đáo hạn sẽ chịu phí phạt rút tiền trước hạn như sau: Số tiền gốc x 1,5% mỗi năm cho khoảng thời gian còn lại của Tiền gửi có kỳ hạn. (Ví dụ: nếu một giao dịch được đặt kỳ hạn 5 năm nhưng rút sau 2 năm – mức phí phạt sẽ là 4,5% x Số tiền gốc). Mức phí phạt tối thiểu là 1,5% số tiền gốc. Số tiền phạt sẽ chỉ trong phạm vi lợi nhuận đã trả/ có thể trả."
Các tính năng chính của Tài khoản Little Champs là gì?,"• Số tiền gửi ban đầu tối thiểu: 100 Rs
• Tài khoản Tiết kiệm Little Champs
• Miễn phí sổ séc đầu tiên* (Chỉ dành cho Tài khoản Vãng lai)
• Miễn phí thẻ ghi nợ* (áp dụng phí thường niên/phí thay thế)
• Chi trả lợi nhuận: Nửa năm một lần
• Tỷ lệ lợi nhuận: 0.19
• Hạn mức chuyển tiền hàng ngày: 100.000 Rs
• Hạn mức rút ATM hàng ngày: 25.000 Rs
• Hạn mức POS hàng ngày: 50.000 Rs"
Hạn mức cho vay của NUST Rice Finance là gì?,"Doanh nghiệp vừa và lớn (ME): Lên đến 200 triệu Rupees (Tối đa), Doanh nghiệp siêu nhỏ và nhỏ (SE): Lên đến 25 triệu Rupees (Tối đa)."
Có thời gian ân hạn nào được cho phép trong bất kỳ khoản tài trợ nào không?,Thời gian ân hạn 3 tháng được cho phép đối với AFBF-2 (Chỉ cho vay trung và dài hạn).
Các lợi ích miễn phí của Tài khoản Số NUST Freelancer là gì?,"Phát hành miễn phí sổ séc đầu tiên (10 tờ), Phát hành miễn phí lần đầu Thẻ Ghi nợ UnionPay, Giao sổ séc và thẻ ghi nợ đầu tiên miễn phí, Dịch vụ cảnh báo SMS miễn phí (Giao dịch số), Bảo hiểm/Takaful tử vong và thương tật do tai nạn miễn phí lên đến 2,5 triệu PKR với số dư trung bình hàng tháng là 100,000 PKR."
Các khoản phí áp dụng cho Chương trình Tài chính Hunarmand của NUST là gì?,Áp dụng theo quy định của PMYB & ALS.
Các khoản phí dịch vụ/tài liệu/pháp lý trong Ask Fauri Business Finance là gì?,Theo thực tế.
Tôi có thể sử dụng Cơ sở Vay nếu có các khoản vỡ nợ từ khoản vay trước đó không?,Không. Việc thanh toán đều đặn các khoản vay trước đó là điều cần thiết.
Người nộp đơn có thể vay tín chấp tại NUST Sahar Finance không?,Có thể vay tối đa 0.70 triệu Rs với sự bảo lãnh của cá nhân và bên thứ ba.
Các tiện ích miễn phí đi kèm với Tài khoản Kỹ thuật số Roshan là gì?,Phát hành thẻ ghi nợ lần đầu miễn phí (phí thường niên theo Biểu phí hiện hành - SOC). Dịch vụ ngân hàng trực tuyến I-Net miễn phí. Bản sao kê điện tử miễn phí.
Tỷ lệ Mark-up hiện tại của Tài chính Nhà máy Bột mì NUST là bao nhiêu?,"Tài chính Tiền mặt: KIBOR trung bình 3 tháng + 3% mỗi năm. Tài chính Hoạt động: KIBOR trung bình 3 tháng + 3,5% mỗi năm (Được xem xét/điều chỉnh theo quý)."
Thị trường mục tiêu là gì?,Cá nhân điều hành một doanh nghiệp dịch vụ tự do
Thông tin quan trọng khác về các gói bảo hiểm EFU,"- Chỉ có Gói Giáo dục và Hôn nhân là gói kỳ hạn có Lợi ích Tiếp tục (trong trường hợp tử vong, khoản thanh toán sẽ được thực hiện khi đáo hạn)
- Gói Phí đơn lần có thể chấm dứt bất cứ lúc nào, trong trường hợp tử vong, Giá trị Hoàn lại hoặc Số tiền Bảo hiểm, tùy theo giá trị nào cao hơn, sẽ được chi trả
- Có sẵn các phương thức Thanh toán Phí bảo hiểm Hàng năm / Nửa năm / Quý theo sự thuận tiện của khách hàng
- Gói Tăng trưởng Mạnh là gói rủi ro cao, phụ thuộc vào hồ sơ khách hàng
- Các Khiếu nại Tử vong sẽ do EFU xử lý với điều kiện hoàn tất các tài liệu theo yêu cầu và chỉ được chấp nhận nếu tình trạng hợp đồng là Đang hoạt động, Đang hiệu lực/Đã phục hồi"
Các khoản phí dịch vụ/tài liệu/pháp lý trong Tài chính Nhà máy Bột mì NUST là bao nhiêu?,Theo thực tế.
Tài khoản Số Asaan của NUST là gì?,"Tài khoản Số Asaan của NUST là một sản phẩm ngân hàng số cung cấp một nền tảng đơn giản, dễ sử dụng để khách hàng quản lý tài chính của mình một cách thuận tiện trực tuyến."
Tài khoản NUST Maximiser là gì?,"Tài khoản NUST Maximiser là một tài khoản tiền gửi mang lại lợi nhuận cao hơn với tính linh hoạt trong việc truy cập dễ dàng vào các khoản tiền, nhằm mục đích tối đa hóa khoản tiết kiệm cho chủ tài khoản."
Tôi có thể theo dõi tình trạng chuyển tiền trực tuyến không?,"Có, bạn có thể xem tình trạng chuyển tiền của mình trực tuyến thông qua Công cụ Theo dõi Chuyển tiền NUST bằng liên kết sau https://NUSTbank.com/services/alternate-delivery-channels/home-remittance-tracking/"
Tôi có thể vay bao nhiêu?,"Tối đa 3 triệu Rupee từ tất cả các ngân hàng/Tổ chức Tài chính Phát triển (DFIs) tính tổng, với điều kiện không vượt quá 40% yêu cầu Gánh nặng Nợ."
Phí bảo hiểm là bao nhiêu?,Tính theo thực tế.
Các Thông Tin Quan Trọng Khác về Kế hoạch Bảo hiểm Nhân thọ Jubilee,"- Chỉ có Kế hoạch Giáo dục và Hôn nhân là các kế hoạch Có Thời hạn với Quyền lợi Tiếp tục (trong trường hợp tử vong, khoản thanh toán sẽ được thực hiện khi đáo hạn).
- Trong trường hợp tử vong, Giá trị Tiền mặt hoặc Số tiền Bảo đảm, tùy theo giá trị nào cao hơn, sẽ được thanh toán.
- Các chế độ Thanh toán Phí bảo hiểm Hàng năm/Bán niên/Theo quý có sẵn tùy theo sự thuận tiện của khách hàng.
- Sự tăng trưởng của hợp đồng phụ thuộc vào mức tăng trưởng tỷ giá thị trường của các đơn vị Quỹ tương hỗ liên kết (Nhiều lựa chọn quỹ có sẵn từ JLI).
- Các khiếu nại tử vong sẽ được Jubilee Life xử lý, với điều kiện hoàn tất các tài liệu cần thiết và hợp đồng phải ở trạng thái Đang hoạt động, Đang có hiệu lực, hoặc Đã được phục hồi."
Các lợi ích miễn phí của Tài khoản Chuyển tiền Kỹ thuật số NUST Asaan là gì?,"Một số lợi ích miễn phí của Tài khoản Chuyển tiền Kỹ thuật số NUST Asaan bao gồm: Phát hành miễn phí Sổ séc đầu tiên (25 tờ), Phát hành miễn phí Thẻ ghi nợ PayPak lần đầu, Giao miễn phí Sổ séc & Thẻ ghi nợ đầu tiên, Dịch vụ cảnh báo SMS miễn phí (Giao dịch kỹ thuật số), Bản sao kê điện tử & Ngân hàng trực tuyến I-Net miễn phí, Gửi/Rút tiền mặt trực tuyến liên chi nhánh miễn phí, Chuyển khoản nội bộ miễn phí trong NUST qua chi nhánh, Phát hành Séc của Ngân hàng miễn phí và Bảo hiểm/Takaful Tử vong & Thương tật do tai nạn miễn phí lên tới 2,5 triệu PKR với số dư trung bình hàng tháng là 100,000 PKR."
Tài khoản Kỹ thuật số NUST Freelancer có giới hạn Tín dụng và Ghi nợ nào không?,"Các giới hạn Giao dịch sau được áp dụng:
Giới hạn Số dư Tín dụng Tối đa: 5.000 USD hoặc tương đương
Giới hạn Ghi nợ Hàng tháng: 5.000 USD hoặc tương đương
Giới hạn Rút tiền Mặt: 500.000 PKR hoặc tương đương mỗi ngày"
Thị trường mục tiêu là gì?,"Cá nhân có giá trị ròng cao (đơn lẻ hoặc chung), Doanh nghiệp Tư nhân, Công ty Hợp danh, Công ty Trách nhiệm hữu hạn Công cộng và Tư nhân, Tổ chức Chính phủ, Tập đoàn, Câu lạc bộ, Hội, Hiệp hội, Tổ chức phi chính phủ."
Hạn mức cho vay của NUST Rice Finance là gì?,"Doanh nghiệp vừa và lớn (ME): Lên đến 200 triệu Rupees (Tối đa), Doanh nghiệp siêu nhỏ và nhỏ (SE): Lên đến 25 triệu Rupees (Tối đa)."
NUST đang cung cấp những tiện ích miễn phí nào trên Tài khoản Vãng lai NUST Sahar?,"Sổ Séc đầu tiên, Phát hành Thẻ Ghi nợ đầu tiên, Giảm giá 50% cho năm đầu tiên thuê Tủ gửi đồ (tùy thuộc vào tình trạng có sẵn của tủ), Phát hành Séc của Ngân hàng, Rút/Gửi Tiền mặt Liên chi nhánh Trực tuyến (Online), Chuyển Khoản Nội bộ trong NUST qua chi nhánh (Chuyển khoản Trực tuyến), Cảnh báo SMS cho tất cả các Giao dịch ngân hàng, Ngân hàng Di động và I-Net, Tiện ích Bản sao kê Điện tử và nhiều hơn nữa. Các khoản Phí/Niên liễm tiếp theo sẽ được tính theo Biểu Phí hiện hành."
PMYB & ALS được cung cấp cho những mục đích nào?,• Để bắt đầu doanh nghiệp mới • Để mở rộng doanh nghiệp hiện có
Tôi có thể thế chấp tài sản sở hữu của mình để vay vốn không?,"Có, mục đích vay vốn phải phù hợp với mục đích do cơ quan quản lý quy định, bao gồm: Vay để xây dựng nhà trên lô đất ở thuộc sở hữu, Dịch vụ Chuyển khoản Dư nợ (BTF) để thay thế khoản vay hiện có của khách hàng từ các ngân hàng/Tổ chức Tài chính Phát triển (DFIs) khác, Cải tạo nhà/căn hộ/chung cư/đơn vị nhà ở thuộc sở hữu, Mở rộng/Cải thiện đơn vị nhà ở."
Làm thế nào tôi có thể đăng ký vay vốn?,Bạn có thể đăng ký bằng cách đến bất kỳ Chi nhánh nào của chúng tôi hoặc gọi cho chúng tôi tại Trung tâm Liên hệ 24 giờ theo số 111-000-787. Nhân viên tận tâm của chúng tôi sẽ hỗ trợ bạn hoàn thành đơn đăng ký vay và các thủ tục khác.
Hạn mức cho vay của NUST Rice Finance là gì?,"Doanh nghiệp vừa và lớn (ME): Lên đến 200 triệu Rupees (Tối đa), Doanh nghiệp siêu nhỏ và nhỏ (SE): Lên đến 25 triệu Rupees (Tối đa)."
Tần suất trả nợ trong PMYB & ALS là gì?,Việc trả nợ các khoản vay PMYB&ALS sẽ được thực hiện dưới hình thức 'Trả góp Hàng tháng hoặc Hàng quý (hoặc theo chỉ đạo của SBP).
Thời gian xử lý hồ sơ là bao lâu?,Thời gian xử lý hồ sơ Tài chính Cá nhân là 10 ngày làm việc kể từ khi đăng nhập cho đến khi được phê duyệt (phụ thuộc vào việc hồ sơ đầy đủ với các tài liệu yêu cầu).
Tôi sẽ nhận tiền kiều hối bằng loại tiền tệ nào?,Tất cả các khoản thanh toán kiều hối trong nước đều được giải ngân bằng Rupee Pakistan.
Có độ tuổi tối thiểu để được hỗ trợ tài chính tại NUST Ujala Finance không?,Tài trợ SE/ME: Từ 25-55 tuổi tại thời điểm nộp đơn. (Một trong các đối tác/giám đốc phải đáp ứng tiêu chí về tuổi). Nhà cung cấp/Nhà bán lẻ: Từ 25-55 tuổi tại thời điểm nộp đơn. (Một trong các đối tác/giám đốc phải đáp ứng tiêu chí về tuổi). Tài trợ cho Nhân viên NUST: Không giới hạn độ tuổi. Tài trợ cho Ứng viên Nội địa: Từ 25-55 tuổi tại thời điểm nộp đơn. (Một trong những người vay hoặc người đồng vay phải đáp ứng tiêu chí)
Ai có thể đăng ký vay Tài chính Ô tô NUST?,• Cá nhân hưởng lương. • Người khuyết tật đặc biệt/Người khiếm thị/Người khuyết tật (PWD). • Doanh nhân/Nữ doanh nhân tự làm chủ (SEB). • Cá nhân có bất kỳ nguồn thu nhập nào khác có thể xác minh được. • Chuyên gia tự làm chủ (SEP).
Có bao nhiêu gói bảo hiểm EFU có sẵn?,"o Gói Tiết kiệm và Bảo vệ EFU – Gói Bảo vệ Trọn đời và Tiết kiệm – 18K
o Gói Giáo dục và Hôn nhân EFU – Gói Thời hạn Có hạn (Quyền lợi Tiếp tục) – 18K
o Gói Hưu trí EFU – Tiết kiệm & Bảo vệ – 18K
o Gói Đóng phí Một lần EFU – Gói Đầu tư Đóng phí Một lần – 100K
o Gói Tăng trưởng Mạnh mẽ EFU – Gói Đầu tư và Tiết kiệm với Phân bổ Vốn Cao – 250K"
Phí bảo hiểm là bao nhiêu?,Tính theo thực tế.
Ngân hàng của bạn có cung cấp tài khoản Lãi & Lỗ không?,"Có, Tài khoản Chia sẻ Lãi Lỗ được thiết kế đặc biệt để đáp ứng nhu cầu giao dịch và tiết kiệm của khách hàng."
Các tiện ích miễn phí đi kèm với Tài khoản Kỹ thuật số Roshan là gì?,Phát hành thẻ ghi nợ miễn phí lần đầu (phí hàng năm theo SOC hiện hành). Ngân hàng trực tuyến I-Net miễn phí. Bản sao kê điện tử miễn phí.
Phí định giá/BOQ là gì?,Tính theo thực tế.
Ngân hàng NUST có cung cấp tài khoản cho Người Pakistan không cư trú (NRP) không?,"Có, Tài khoản Roshan Digital. Được thiết kế đặc biệt cho Cá nhân Người Pakistan không cư trú (NRP) muốn thực hiện các hoạt động ngân hàng, thanh toán và đầu tư tại Pakistan."
"Tôi muốn mở tài khoản cùng con trai, ngân hàng có sản phẩm nào dành cho trẻ em không?","Có, sản phẩm của chúng tôi là Tài Khoản Little Champs. Tài khoản này được thiết kế đặc biệt dành cho trẻ vị thành niên (dưới 18 tuổi). Trẻ em cần sự hỗ trợ của cha mẹ hoặc người giám hộ hợp pháp để mở tài khoản này và sử dụng các tiện ích của nó. Little Champs sẽ được nhận Thẻ Ghi nợ và sổ séc, miễn phí lần đầu."
Ngân hàng NUST có tài khoản chuyển tiền chuyên biệt theo hướng dẫn của SBP không?,"Có, NUST có một tài khoản chuyển tiền có tên là Tài khoản Chuyển tiền Pak Wattan."
Số tiền tài trợ tối thiểu và tối đa là bao nhiêu?,"Số tiền tài trợ tối thiểu là Rs. 500,000. Hạn mức tài trợ tối đa sẽ lên tới Rs.100,000,000/- và phụ thuộc vào Tỷ lệ Gánh nặng Nợ (DBR) 50% theo Quy định Ưu tiên của Ngân hàng Nhà nước Pakistan (SBP PRs) về Tài trợ Nhà ở."
Thị trường mục tiêu là gì?,Thị trường mục tiêu cho Tài khoản Chuyển tiền Kỹ thuật số NUST Asaan bao gồm các cá nhân - người thụ hưởng (gia đình) của những người Pakistan đang làm việc ở nước ngoài.
Tỷ lệ lợi nhuận cho tiền gửi có kỳ hạn bằng ngoại tệ là bao nhiêu?,"Tỷ lệ lợi nhuận cho USD: 0,0025, GBP: 0,0025, EUR: 0."
Ngân hàng NUST có cung cấp Tài khoản Ngân hàng Kỹ thuật số cho Freelancer không?,"Tài khoản Kỹ thuật số NUST Freelancer được thiết kế dành riêng cho Freelancer, giúp họ có thể nhận thanh toán trực tiếp vào tài khoản ngân hàng và đồng thời tận hưởng các dịch vụ ngân hàng phong cách sống khác."
Phí xử lý cho Đơn xin Tài chính Nhà máy Bột mì NUST là bao nhiêu?,"Phí xử lý sẽ được tính @ 0,15% trên tổng hạn mức đã xử lý/được phê duyệt hoặc 25.000 Rs, tùy theo mức nào cao hơn."
Mức lãi suất hiện tại của NUST Ujala Finance là bao nhiêu?,6% mỗi năm cho tất cả mọi người. Lãi suất tính theo Kibor 12 tháng + 4% mỗi năm sẽ được áp dụng cho đến khi khoản yêu cầu tái tài trợ được Ngân hàng Nhà nước Pakistan (SBP) hoàn trả.
Có thể gửi kiều hối từ bất kỳ đâu đến Pakistan không?,"Có, kiều hối có thể được gửi từ khắp nơi trên thế giới đến Pakistan thông qua các đối tác đại lý của chúng tôi như Western Union, Mastercard, Dandelion Payments (RIA), v.v. Để biết thêm thông tin, vui lòng truy cập liên kết sau: https://NUSTbank.com/services-home-remittance-our-partners/"
Làm thế nào để tôi nhận được cập nhật về Đơn đăng ký Thẻ Tín dụng của mình?,Bạn cũng có thể đến thăm trực tiếp/gọi điện hoặc gửi email đến (các) trung tâm Dịch vụ Khách hàng của chúng tôi. Địa chỉ email: CustomerServices@NUSTbank.com.pk.
RDA Digital Customer Onboarding là gì?,"RDA Digital Customer Onboarding là một dịch vụ đổi mới của Ngân hàng NUST cho phép khách hàng mở và quản lý tài khoản của họ một cách kỹ thuật số, mang lại trải nghiệm liền mạch mà không cần phải đến trực tiếp chi nhánh."
Ngân hàng của bạn có cung cấp tài khoản Tiền gửi Thanh toán không?,Tài khoản Tiền gửi Thanh toán được thiết kế đặc biệt cho những khách hàng có nhu cầu giao dịch ngân hàng thường xuyên và không cần hưởng Lợi nhuận.
Tỷ lệ đánh dấu hiện tại của Tài chính NUST Imarat là bao nhiêu?,Doanh nghiệp vừa và nhỏ (SME) thông thường: Tỷ lệ cho người dùng cuối: 12MK+4% mỗi năm (được xem xét lại hàng năm). Doanh nghiệp vừa và nhỏ (SME) được Hỗ trợ bởi Lực lượng Vũ trang: Tỷ lệ cho người dùng cuối: 12MK+2.5% mỗi năm (được xem xét lại hàng năm).
Có độ tuổi tối thiểu nào để được hỗ trợ tài chính theo Chương trình Tài chính Xay xát Bột mì NUST không?,Độ tuổi của người vay (trong trường hợp doanh nghiệp tư nhân) phải tối thiểu 20 tuổi và không vượt quá 65 tuổi tại thời điểm nộp đơn. Giới hạn tuổi này có thể được nới lỏng trong trường hợp có kế hoạch kế thừa hiệu quả cho hoạt động kinh doanh. Tiêu chí này không áp dụng nếu doanh nghiệp là công ty hợp danh hoặc công ty trách nhiệm hữu hạn.
Tần suất trả nợ trong PMYB & ALS là gì?,Việc trả nợ các khoản vay PMYB&ALS sẽ được thực hiện dưới hình thức 'Trả góp hàng tháng hoặc hàng quý (hoặc theo chỉ đạo của SBP).
Có độ tuổi tối thiểu nào để được nhận tài trợ trong PMYB & ALS và có yêu cầu trình độ/kinh nghiệm bắt buộc nào không?,"Tất cả công dân Pakistan trong độ tuổi từ 21 đến 45 đều đủ điều kiện ứng tuyển, tuy nhiên đối với các doanh nghiệp liên quan đến CNTT/Thương mại điện tử, độ tuổi tối thiểu sẽ là 18 tuổi (yêu cầu ít nhất phải có bằng trung học cơ sở hoặc trình độ học vấn tương đương)."
Thời hạn tối đa của Tài chính Lúa gạo NUST là bao lâu?,"Tài chính Tiền mặt: Tối đa 270 ngày hoặc theo chu kỳ dọn dẹp, tùy điều kiện nào đến trước, Tài chính Hoạt động: Một năm."
Khoản vay có thể được cấp dưới danh nghĩa Tài chính NUST Ujala là bao nhiêu?,i. Doanh nghiệp nhỏ – lên đến 15 triệu Rupees. ii. Doanh nghiệp vừa – lên đến 25 triệu Rupees. iii. Người dùng trong nước – từ 0.5 triệu đến 3.0 triệu Rupees. iv. Nhân viên NUST: lên đến 3.00 triệu Rupees. v. Nhà cung cấp: Từ 5 triệu đến 25 triệu Rupees – (Một nhà cung cấp duy nhất).
Vui lòng cho tôi biết về số dư tối thiểu hàng tháng bắt buộc cho tài khoản này?,Không yêu cầu ký quỹ ban đầu. 100.000 Rs/- (Số dư trung bình hàng tháng).
Phí bảo hiểm là bao nhiêu?,Tính theo thực tế.
Có bao nhiêu Kế hoạch Bảo hiểm Nhân thọ Jubilee có sẵn?,"• Kế hoạch Tiết kiệm và Bảo vệ Jubilee Life - Kế hoạch Bảo vệ Trọn đời và Tiết kiệm
• Kế hoạch Giáo dục Jubilee Life - Kế hoạch Thời hạn Có hạn (Quyền lợi Tiếp tục)
• Kế hoạch Hôn nhân Jubilee Life - Kế hoạch Thời hạn Có hạn (Quyền lợi Tiếp tục)
• Kế hoạch Hưu trí Jubilee Life - Tiết kiệm & Bảo vệ"
Ngân hàng có chịu trách nhiệm cho bất kỳ loại tranh chấp nào liên quan đến Bảo hành/Lỗi xe/Vấn đề dịch vụ với Đại lý hoặc Nhà sản xuất xe không?,Không. Ngân hàng không chịu trách nhiệm này. Khách hàng sẽ tự giải quyết vấn đề trực tiếp với đại lý hoặc nhà sản xuất.
Những lợi ích của Dịch vụ Tài chính Tự động của Ngân hàng NUST là gì?,"• Tỷ lệ Mark Up Thả nổi & Cố định Cạnh tranh. • Tùy chọn thanh toán một phần có sẵn để giảm khoản trả góp hàng tháng. • Tỷ lệ Bảo hiểm Hấp dẫn ở mức 1,75% mỗi năm. • Xử lý Nhanh chóng & Tài liệu Tối thiểu. • Miễn phí Thiết bị định vị & Lắp đặt. • Không có phí ẩn. • Bảo hiểm Nhân thọ Tai nạn Miễn phí lên đến Rs.1,000,000."
Tiêu chí Đủ điều kiện cho Tài khoản NAA là gì?,Cá nhân người Pakistan cư trú không duy trì/có bất kỳ tài khoản nào khác (cá nhân hoặc chung) tại Ngân hàng NUST Limited đều đủ điều kiện để mở Tài khoản NAA bằng đồng rupee Pakistan dưới dạng tài khoản cá nhân/tài khoản chung.
Tôi có thể vay nhiều hơn một khoản vay mua nhà không?,Có. Một người có thể vay hai Khoản vay Thế chấp cùng một lúc từ Ngân hàng NUST trong tỷ lệ Nợ trên Thu nhập (DBR) theo Quy định Hiện hành của Ngân hàng Nhà nước về Tài chính Nhà ở.
Tài khoản này có được bảo hiểm không?,"• Bảo hiểm Rút tiền mặt tại ATM lên đến hạn mức rút tiền mặt hàng ngày của thẻ ghi nợ từ ATM của Ngân hàng NUST. • Bảo hiểm 'Tử vong do Tai nạn & Thương tật Vĩnh viễn' 24 giờ trên toàn thế giới cho chủ thẻ ghi nợ. 500.000 Rs và 700.000 Rs tương ứng cho Thẻ ghi nợ Classic và Gold. • Bảo hiểm 'Tử vong do Tai nạn & Thương tật Vĩnh viễn' 24 giờ trên toàn thế giới. Số tiền bảo hiểm cho mỗi chủ tài khoản sẽ tương đương với bốn lần số dư trung bình hoàn thành trong sáu tháng qua – tối đa lên đến 2,5 triệu Rs."
Tỷ lệ lợi nhuận cho Tài khoản Tiết kiệm NUST Maximiser là bao nhiêu?,Chi trả lợi nhuận: Hàng tháng. Tỷ lệ lợi nhuận: 0.19.
Điều gì xảy ra nếu tôi không thực hiện được nghĩa vụ thanh toán?,"Trong trường hợp quá hạn/vi phạm thanh toán, bộ phận thu hồi nợ của NUST sẽ liên hệ với bạn, thông tin khoản vay của bạn sẽ được báo cáo cho Cục Tín dụng. Khoản phí trả chậm sẽ được áp dụng theo biểu phí hiện hành. Ngân hàng cũng có thể khởi kiện pháp lý."
Ngân hàng NUST có tham gia PMYB & ALS không?,"Ngân hàng NUST đang tích cực tham gia PMYB&ALS. Chương trình này được thiết kế đặc biệt để cung cấp cơ hội tự tạo việc làm cho thanh niên thất nghiệp trong nước có kỹ năng, kiến thức, kinh nghiệm hoặc mong muốn bắt đầu công việc kinh doanh của riêng mình ở quy mô nhỏ đến trung bình hoặc mở rộng quy mô kinh doanh hiện có."
Ngân hàng có cung cấp lựa chọn Tiền gửi có kỳ hạn với tài khoản này không?,"Có, tùy chọn đặt Tiền gửi có kỳ hạn NUST Sahar độc quyền từ Tài khoản vãng lai NUST Sahar với lãi suất hấp dẫn có sẵn."
Có điều kiện nào liên quan đến việc duy trì tài khoản ngân hàng để được sử dụng Tài chính NUST Imarat không?,Bảng sao kê tài khoản ngân hàng tối thiểu 1 năm với NUST hoặc Bảng sao kê ngân hàng tối thiểu 2 năm với bất kỳ ngân hàng nào khác.
Loại tài khoản của Tài khoản Kỹ thuật số NUST Freelancer là gì? Là tài khoản Vãng lai hay Tiết kiệm?,"Tài khoản Kỹ thuật số NUST Freelancer cung cấp Tài khoản Vãng lai bằng PKR & FCY (USD, GBP, EUR, AED)."
Có độ tuổi tối thiểu nào để được hỗ trợ tài chính trong PMYB & ALS và có yêu cầu trình độ/kinh nghiệm bắt buộc nào không?,"Tất cả công dân Pakistan từ 21 đến 45 tuổi đều đủ điều kiện ứng tuyển, tuy nhiên đối với các doanh nghiệp liên quan đến CNTT/Thương mại điện tử, độ tuổi tối thiểu sẽ là 18 tuổi (yêu cầu ít nhất phải có bằng trung học cơ sở hoặc trình độ học vấn tương đương)."
Có độ tuổi tối thiểu để được hỗ trợ tài chính tại NUST Imarat Finance không?,"Kinh doanh mới: Tối thiểu 30 tuổi tại thời điểm nộp đơn, tuy nhiên độ tuổi không được vượt quá 60 khi khoản vay đáo hạn. Kinh doanh hiện có: Tối thiểu 30 tuổi tại thời điểm nộp đơn, tuy nhiên độ tuổi không được vượt quá 65 khi khoản vay đáo hạn."
Các tính năng chính của Chính sách Bảo hiểm Ngân hàng JLI là gì?,"- Bảo vệ Gia đình ngắn hạn và Tiết kiệm dài hạn
- Số tiền Bảo hiểm Tối thiểu = 18.000, Không giới hạn tối đa số tiền bảo hiểm
- Thời hạn Bảo hiểm Tối thiểu = 10 Năm
- Các quyền lợi bổ sung cũng có sẵn với chi phí (Quyền lợi bổ sung và bảo hiểm nhân thọ bổ sung)
- Jubilee Life cung cấp các gói kế hoạch khác nhau cho khách hàng theo nhu cầu và yêu cầu của họ."
Ngân hàng NUST có cung cấp tài khoản nào cho mục đích nhận kiều hối không?,"Có, Tài khoản Nhận Kiều hối PakWatan. Thông qua Tài khoản Nhận Kiều hối PakWatan, người thụ hưởng có thể nhanh chóng và an toàn nhận kiều hối từ người thân đang sinh sống ở nước ngoài trực tiếp vào tài khoản ngân hàng của mình mà không cần đến chi nhánh."
PakWatan Remittance Account là gì?,"PakWatan Remittance Account là một tài khoản chuyên biệt được thiết kế để hỗ trợ việc nhận kiều hối gửi về Pakistan, mang lại cho người nhận kiều hối khả năng tiếp cận nguồn tiền một cách dễ dàng và nhanh chóng."
Các đặc điểm chính của các Gói Bảo hiểm EFU này là gì?," - Thời gian xem xét miễn phí 14 ngày bắt đầu từ ngày khách hàng nhận được Tài liệu Chính sách.
 - Hệ thống tăng trưởng Liên kết đơn vị (EFU phân bổ các đơn vị quỹ tương hỗ cho khách hàng, sự tăng trưởng của chính sách phụ thuộc vào mức tăng trưởng tỷ giá đơn vị giống như thị trường chứng khoán).
 - Ngân hàng NUST chỉ đóng vai trò là Đại lý Bán hàng Doanh nghiệp. Đây là một kế hoạch bảo hiểm, không được coi là bất kỳ Tài khoản hoặc Tiền gửi có kỳ hạn nào có Lợi nhuận Cố định hàng năm.
 - Trong trường hợp chấm dứt sớm, chỉ Giá trị Tiền mặt của chính sách sẽ được thanh toán cho khách hàng (tỷ giá thị trường hiện tại của các đơn vị quỹ tương hỗ sẽ được hoàn trả).
 - Việc hủy bỏ chính sách và tùy chọn hoàn tiền đầy đủ có sẵn nếu tài liệu chính sách được trả lại trong Thời gian Xem xét Miễn phí, tức là trong vòng 14 ngày kể từ khi nhận được tài liệu.
 - Giá trị Tiền mặt của chính sách có thể khác với lợi nhuận dự kiến được cung cấp trong tài liệu minh họa (tài liệu minh họa chỉ mang tính chất tham khảo)."
Ngân hàng NUST có cung cấp tài khoản nào dành riêng cho Phụ nữ không?,"Có! Ngân hàng NUST cung cấp Tài khoản NUST Sahar. Công dân Pakistan là nữ, cư trú cá nhân có thể mở tài khoản được cung cấp theo Dịch vụ Ngân hàng NUST Sahar."
Tài khoản Doanh nghiệp Cao cấp Value Premium (VPBA) là gì?,"Tài khoản Doanh nghiệp Cao cấp Value Premium (VPBA) là một tài khoản doanh nghiệp cấp cao, được thiết kế dành cho các doanh nghiệp đang tìm kiếm các dịch vụ cao cấp và tính năng ngân hàng để đáp ứng nhu cầu hoạt động của họ."
Có tài khoản nào mang lại lợi nhuận hấp dẫn cho khoản tiết kiệm dài hạn của tôi không?,"Có, Tài khoản NUST Maximiser được thiết kế để đáp ứng các nhu cầu ngân hàng cơ bản của bạn và mang lại lợi nhuận hấp dẫn cho khoản tiết kiệm."
Ngân hàng có yêu cầu vốn chủ sở hữu cho chương trình này không?,AIF 1 & AIF 2: Tối thiểu 30% (Doanh nghiệp hiện hữu) & Tối thiểu 40% (Doanh nghiệp mới). AIF 3 & AIF 4: Không yêu cầu đối với Doanh nghiệp hiện hữu & Tối thiểu 25% (Doanh nghiệp mới).
Tiêu chí Đủ điều kiện cho Tài khoản NAA là gì?,Cá nhân người Pakistan cư trú không duy trì/có bất kỳ tài khoản nào khác (cá nhân hoặc chung) tại Ngân hàng NUST Limited đều đủ điều kiện để mở Tài khoản NAA bằng đồng rupee Pakistan dưới dạng tài khoản cá nhân/tài khoản chung.
Bản chất của các khoản vay được cho phép trong PMYB & ALS?,• Khoản vay dài hạn / Khoản vay phát triển • Khoản vay vốn lưu động / Khoản vay sản xuất
Tỷ lệ lợi nhuận cho Tài khoản Little Champs là bao nhiêu?,Thanh toán lợi nhuận: Nửa năm một lần. Tỷ lệ lợi nhuận: 0.19.
Điều gì xảy ra nếu tôi không thực hiện được nghĩa vụ thanh toán?,"Trong trường hợp quá hạn/vỡ nợ, bộ phận thu hồi của NUST sẽ liên hệ với bạn, thông tin khoản vay của bạn sẽ được báo cáo cho Cục Tín dụng. Phí thanh toán chậm và phí trả lại séc cũng có thể được áp dụng theo biểu phí hiện hành. Ngân hàng cũng có thể khởi kiện pháp lý."
NUST đang cung cấp những tiện ích miễn phí nào trên Tài khoản Vãng lai NUST Sahar?,"Sổ Séc đầu tiên, Phát hành Thẻ Ghi nợ đầu tiên, Giảm giá 50% cho năm đầu tiên thuê Tủ khóa (tùy thuộc vào tình trạng có sẵn của tủ), Phát hành Séc của Ngân hàng, Rút/Gửi Tiền mặt Liên chi nhánh Trực tuyến (Online), Chuyển Khoản Nội bộ trong NUST qua chi nhánh (Chuyển khoản Trực tuyến), Cảnh báo SMS cho tất cả các Giao dịch ngân hàng, Ngân hàng Di động và I-Net, Tiện ích Bản sao kê Điện tử và nhiều hơn nữa. Các khoản Phí phát sinh/Phí hàng năm sau đó sẽ được tính theo Biểu phí hiện hành."
Tôi có thể sử dụng khoản vay mua ô tô cho nhiều hơn một xe không?,"Có. Bạn có thể sử dụng khoản vay cho hai xe đồng thời từ Ngân hàng NUST, tùy thuộc vào Hạn chế Gánh nặng Nợ."
Có phí trả chậm không?,"1.000 Rs. mỗi đợt thanh toán. Trong trường hợp trả chậm, lãi suất thương mại sẽ được áp dụng trên số tiền gốc còn nợ."
Hạn mức cho vay của Chương trình Tài trợ Nhà máy Bột mì NUST là gì?,Mỗi bên (một thực thể duy nhất) có thể vay tối đa 75 triệu Rs cho Doanh nghiệp vừa (ME) và 25 triệu Rs cho Doanh nghiệp nhỏ (SE).
Có giới hạn nào đối với chi tiêu quốc tế không?,"Theo chỉ thị của Ngân hàng Nhà nước Pakistan (SBP) có hiệu lực từ ngày 1 tháng 11 năm 2022, giới hạn tối đa hàng năm trên toàn ngành là 30.000 USD/người đối với các giao dịch xuyên biên giới qua thẻ (thẻ ghi nợ/thẻ tín dụng và thẻ ảo). Đây là trách nhiệm chính của khách hàng để đảm bảo rằng giới hạn hàng năm của mình không bị vượt quá bất cứ lúc nào. Để tránh bất kỳ sự bất tiện nào, Quý khách được đề nghị vui lòng hạn chế chi tiêu quốc tế trong giới hạn đã quy định. Các khoản thanh toán thương mại xuyên biên giới qua thẻ phát hành cho cá nhân là không được phép. Lưu ý: Ngân hàng NUST có quyền từ chối bất kỳ đơn đăng ký nào theo tiêu chí của Ngân hàng."
Tôi có thể sử dụng dịch vụ vay mua ô tô nếu không phải là người hưởng lương/doanh nhân/chuyên gia không?,"Có. Cá nhân có kiều hối, được hỗ trợ bởi sao kê ngân hàng và biên lai chuyển tiền có thể sử dụng dịch vụ vay mua ô tô."
Có bất kỳ khoản phí thanh lý hợp đồng trước hạn / phí trả nợ trước hạn không?,Không.
Có cho phép ghi có nội địa trong Tài khoản Chuyển tiền PakWatan không?,Ghi có nội địa cũng được cho phép trong Tài khoản Chuyển tiền PakWatan.
Thời hạn tối đa của Ask Fauri Business Finance là bao lâu?,"AFBF-1: Lên đến 1 Năm, AFBF-2: Lên đến 3 Năm, AFBF-3: Lên đến 30 Tháng, AFBF-4: Theo yêu cầu / Kỳ hạn Usance 120 ngày."
"Tôi là người nước ngoài, tôi có thể gửi tiền sang Pakistan không?","Có, bạn có thể."
Các tính năng cơ bản của Tài khoản NUST Asaan là gì?,"Một số tính năng chính của Tài khoản NUST Asaan bao gồm: Báo cáo tài khoản nửa năm một lần, Không tính phí dịch vụ mở và đóng tài khoản, Phát hành thẻ ghi nợ PayPak miễn phí (có thể phát sinh phí sau đó), Cảnh báo SMS miễn phí cho giao dịch kỹ thuật số, Sao kê điện tử miễn phí, Ngân hàng trực tuyến/ Ngân hàng di động miễn phí, Rút tiền mặt/Gửi tiền trực tuyến liên chi nhánh miễn phí, Chuyển khoản nội bộ miễn phí trong hệ thống NUST và giới hạn giao dịch là 1.000.000 Rs cho tổng ghi có và ghi nợ mỗi tháng."
Thời hạn tài trợ tối thiểu và tối đa là bao lâu?,Tối thiểu 01 năm. Tối đa 04 năm (lên đến 7 năm đối với Khoản vay Giáo dục) hoặc theo Quy định Hiện hành của SBP (Ngân hàng Nhà nước Pakistan).
Phí xử lý cho Đơn xin Tài chính của NUST Sahar là bao nhiêu?,Lên đến 0.70 triệu Rupee: 2000 Rupee (Không hoàn lại). Trên 0.70 triệu và lên đến 5 triệu Rupee: 3000 Rupee (Không hoàn lại).
Các tính năng chính của Tiền gửi có kỳ hạn NUST Sahar là gì?,"Linh hoạt lựa chọn từ nhiều kỳ hạn: 1, 3 hoặc 5 Năm. Khoản đầu tư bắt đầu từ mức thấp chỉ 50.000 Rs. Thanh toán lợi nhuận hàng tháng vào Tài khoản vãng lai NUST Sahar của bạn. Có tùy chọn tái tục. Các giao dịch chỉ được đặt từ Tài khoản vãng lai NUST Sahar."
Tài khoản Chia sẻ Lợi nhuận và Thua lỗ (PLS) là gì?,"Tài khoản Chia sẻ Lợi nhuận và Thua lỗ (PLS) là một loại tài khoản ngân hàng Hồi giáo, trong đó lợi nhuận và thua lỗ được chia sẻ giữa ngân hàng và chủ tài khoản dựa trên thỏa thuận đã được thiết lập."
Các dịch vụ miễn phí đi kèm với Tài khoản Tiền gửi Hiện tại là gì?,Dịch vụ nhắn tin SMS miễn phí cho Giao dịch Kỹ thuật số; Sao kê điện tử & Ngân hàng trực tuyến I-Net miễn phí; Gửi tiền mặt/Rút tiền trực tuyến miễn phí giữa các chi nhánh (Trực tuyến); Chuyển khoản nội bộ miễn phí trong NUST qua chi nhánh (Chuyển khoản trực tuyến); Phát hành Séc ngân hàng miễn phí
Bảo hiểm xe có bắt buộc không?,"Có. Bảo hiểm toàn diện cho xe là bắt buộc trong suốt thời hạn vay với chi phí do người vay chịu, thông qua bất kỳ công ty bảo hiểm nào trong danh sách được chấp thuận bởi Ngân hàng NUST."
Phí phạt rút tiền trước hạn đối với Tiền gửi có kỳ hạn NUST Sahar là gì?,"Việc rút tiền Tiền gửi có kỳ hạn NUST Sahar trước ngày đáo hạn sẽ chịu phí phạt rút trước hạn như sau: Số tiền gốc x 1,5% mỗi năm trên thời gian còn lại của Tiền gửi có kỳ hạn. Mức phí tối thiểu là 1,5% số tiền gốc. Số tiền phạt sẽ chỉ trong phạm vi lợi nhuận đã trả/ có thể trả."
Tôi có thể mua chính sách Bancassurance từ tài khoản của mình được duy trì tại Ngân hàng NUST không?,"Có, mọi khách hàng đạt độ tuổi 18 và có tài khoản tại Ngân hàng NUST đều đủ điều kiện để mua chính sách Bancassurance từ tài khoản của mình."
Bản chất của các khoản vay được cho phép trong PMYB & ALS?,• Khoản vay dài hạn / Khoản vay phát triển • Khoản vay vốn lưu động / Khoản vay sản xuất
Thời hạn tài trợ tối thiểu và tối đa là bao lâu?,Tối thiểu 01 năm. Tối đa 04 năm (lên đến 7 năm đối với Khoản vay Giáo dục) hoặc theo Quy định Hiện hành của SBP (SBP PRs).
Các tính năng chính của Tài khoản Tiền gửi Hiện tại là gì?,"Được cung cấp bằng VNDĐ (PKR) & NNT (USD, GBP, EUR, JPY & AED); Số tiền gửi tối thiểu để mở tài khoản là Rs.5.000 đối với VNDĐ, US $500 hoặc tương đương đối với NNT; Không yêu cầu số dư tối thiểu hàng tháng; Thẻ Ghi nợ cho tài khoản PKR; Không giới hạn số tiền ghi có và ghi nợ hàng tháng"
PakWatan Remittance Account là gì?,"PakWatan Remittance Account là một tài khoản chuyên biệt được thiết kế để hỗ trợ việc nhận kiều hối gửi về Pakistan, mang lại cho người nhận kiều hối khả năng tiếp cận nguồn tiền một cách dễ dàng và nhanh chóng."
Loại tài khoản của NUST Freelancer Digital Account là gì? Là tài khoản vãng lai hay tiết kiệm?,"NUST Freelancer Digital Account cung cấp tài khoản vãng lai bằng PKR và FCY (USD, GBP, EUR, AED)."
Hạn mức cho vay của Ask Fauri Business Finance là gì?,Tối đa 200 triệu Rs (Cho tất cả các sản phẩm).
Các khoản phí dịch vụ/tài liệu/pháp lý tại NUST Ujala Finance là bao nhiêu?,Theo thực tế.
Người Pakistan ở nước ngoài có thể nhận được khoản Tài chính Cá nhân từ NUST không?,"Không, việc ứng viên và người sử dụng lao động của họ phải có mặt tại Pakistan là bắt buộc để đăng ký khoản Tài chính Cá nhân không thế chấp."
Thời hạn tài trợ là bao lâu?,Thẻ tín dụng NUST là một dịch vụ thường trực và có thể gia hạn sau khi thẻ tín dụng hết hạn.
Cơ cấu pháp lý của doanh nghiệp để được hưởng Tài chính NUST Sahar là gì?,"Chủ sở hữu duy nhất, Công ty hợp danh, Công ty trách nhiệm hữu hạn tư nhân, Công ty một thành viên (SMC), Cá nhân kinh doanh (Do phụ nữ làm chủ). Đối với Công ty hợp danh/ Công ty trách nhiệm hữu hữu hạn tư nhân, có 02 thành viên hợp danh hoặc giám đốc, tối thiểu 51% cổ đông/ Giám đốc điều hành phải là nữ và người này cũng phải là người nộp đơn. Nếu có nhiều hơn 02 thành viên hợp danh hoặc giám đốc, cổ đông lớn nhất phải là phụ nữ, người này cũng phải là Giám đốc điều hành và là người nộp đơn."
Số tiền tài trợ tối thiểu và tối đa là bao nhiêu?,Số tiền tài trợ tối thiểu là Rs. 50.000 (Rs. 35.000 dành cho JCOs đã nghỉ hưu & Hạ tầng - Phụ thuộc vào lương hưu với NUST). Tài trợ tối đa lên đến Rs. 3.000.000 (Đối với khách hàng không phải prime) và lên đến Rs. 4.000.000 (Đối với khách hàng prime). Giới hạn tài trợ tối đa sẽ lên đến 40% Tỷ lệ Gánh nặng Nợ và theo quy định của SBP PR.
Thời gian xử lý hồ sơ là bao lâu?,Thời gian xử lý hồ sơ của Tài chính Cá nhân là 10 ngày làm việc kể từ khi đăng nhập cho đến khi được phê duyệt (phụ thuộc vào việc hồ sơ đầy đủ với các tài liệu yêu cầu).
PakWatan Remittance Account là gì?,"PakWatan Remittance Account là một tài khoản chuyên biệt được thiết kế để hỗ trợ việc nhận kiều hối gửi về Pakistan, mang lại cho người nhận kiều hối khả năng tiếp cận nguồn tiền một cách dễ dàng và nhanh chóng."
Thời hạn tối đa của Tài chính NUST Sahar là bao lâu?,Tài chính Ngắn hạn/Vốn lưu động: Tối đa 3 năm không có thời gian ân hạn. Tài chính Dài hạn: Tối đa 5 năm (bao gồm thời gian ân hạn lên đến 6 tháng). Lãi suất sẽ được thu trong thời gian ân hạn.
Phí bảo hiểm là bao nhiêu?,Tính theo thực tế.
Tôi nên liên hệ với ai trong trường hợp cần khiếu nại về Chuyển tiền Kiều hối?,"Với mọi thắc mắc/khiếu nại liên quan đến Chuyển tiền Kiều hối, bạn có thể liên hệ Trung tâm Dịch vụ Chuyển tiền chuyên trách của chúng tôi theo số UAN# 021-111-000-787. Bạn cũng có thể gửi email thắc mắc/khiếu nại đến địa chỉ remittance@NUSTbank.com.pk"
Thời gian xử lý hồ sơ vay là bao lâu?,"Thời gian xử lý để phê duyệt khoản vay là khoảng 11 ngày làm việc, tùy thuộc vào việc hồ sơ đầy đủ với các tài liệu/thủ tục theo yêu cầu."
Ngân hàng có chịu trách nhiệm cho bất kỳ loại tranh chấp nào liên quan đến Bảo hành/Lỗi xe/Vấn đề dịch vụ với Đại lý hoặc Nhà sản xuất xe không?,Không. Ngân hàng không chịu trách nhiệm này. Khách hàng sẽ tự giải quyết vấn đề trực tiếp với đại lý hoặc nhà sản xuất.
Yêu cầu số dư mở và số dư tối thiểu cho VPCA là gì?,Không yêu cầu số dư mở tài khoản. Không yêu cầu số dư trung bình tối thiểu hàng tháng. Phân bổ tủ gửi đồ (khi có sẵn) khi duy trì số dư trung bình tối thiểu hàng tháng là 50.000 Rs.
Ngân hàng NUST có cung cấp tài khoản nào dành riêng cho Phụ nữ không?,"Có! Ngân hàng NUST cung cấp Tài khoản NUST Sahar. Công dân Pakistan là nữ, cư trú cá nhân có thể mở tài khoản được cung cấp theo Ngân hàng NUST Sahar."
Có phí trả chậm không?,3.000 Rs cho mỗi đợt thanh toán.
Tài khoản này có được bảo hiểm không?,"• Bảo hiểm Rút tiền mặt tại ATM lên đến hạn mức rút tiền mặt hàng ngày của thẻ ghi nợ tại ATM của Ngân hàng NUST. • Bảo hiểm 'Tử vong do Tai nạn & Thương tật Vĩnh viễn' 24 giờ trên toàn thế giới cho chủ thẻ ghi nợ. 500.000 Rs và 700.000 Rs tương ứng cho Thẻ ghi nợ Classic và Gold. • Bảo hiểm 'Tử vong do Tai nạn & Thương tật Vĩnh viễn' 24 giờ trên toàn thế giới. Số tiền bảo hiểm cho mỗi chủ tài khoản sẽ tương đương với bốn lần số dư trung bình hoàn thành trong sáu tháng qua – tối đa lên đến 2,5 triệu Rs."
Ngân hàng NUST có cung cấp bất kỳ hình thức tài trợ nào đặc biệt cho việc sở hữu và nâng cao năng lực của cơ sở kinh doanh không?,Ngân hàng NUST đã xây dựng một sản phẩm tài chính mới 'NUST Imarat Finance' thuộc phân khúc SME. Sản phẩm được phát triển nhằm ổn định hoạt động kinh doanh của các doanh nghiệp SME thông qua việc giúp họ sở hữu cơ sở kinh doanh (theo hình thức tài trợ thế chấp các tòa nhà thương mại/công nghiệp đô thị) để nâng cao năng lực của các SME. Sản phẩm được thiết kế cho các SME thuộc sở hữu của công chúng nói chung cũng như các sĩ quan quân đội đã nghỉ hưu và gia đình của các sĩ quan đang tại ngũ.
Hạn mức cho vay của PMYB & ALS là gì?,"Bậc 2: Trên 0,5 triệu Rupee và lên đến 1,5 triệu Rupee. Bậc 3: Trên 1,5 triệu Rupee và lên đến 7,5 triệu Rupee."
Khoản vay có thể được phê duyệt trong bao nhiêu ngày tại Ask Fauri Business Finance?,Thời gian xử lý (TAT) để hoàn tất việc phê duyệt được ấn định là 03 ngày làm việc kể từ ngày hoàn tất hồ sơ tiền phê duyệt.
Ngân hàng NUST cung cấp những loại sản phẩm Chuyển tiền trong nước nào?,"NUST cung cấp các Sản phẩm Chuyển tiền sau đây để đáp ứng nhu cầu của nhiều đối tượng thụ hưởng chuyển tiền trong nước tại Pakistan:
• Thanh toán Tiền mặt tại Quầy (CoC) cho khách hàng vãng lai
• Chuyển khoản Tài khoản NUST
• Chuyển khoản Tài khoản Ngân hàng Khác thông qua Chuyển tiền Liên ngân hàng (IBFT) & Thanh toán Bù trừ Liên ngân hàng Theo thời gian Thực (RTGS)"
Phí xử lý cho Ứng dụng Tài chính Ask Fauri là bao nhiêu?,Phí cố định 3.000 Rs. tại thời điểm bắt đầu và cho mỗi lần gia hạn.
Tôi có thể sử dụng Dịch vụ Cho vay nếu có khoản nợ quá hạn từ các khoản vay trước đó không?,Không. Việc thanh toán đều đặn các khoản vay trước đó là điều bắt buộc.
Ngân hàng của bạn có cung cấp tài khoản nào cho người cao tuổi không?,"Tài khoản NUST Waqaar được phát triển dành cho người cao tuổi, cho phép họ thực hiện các giao dịch ngân hàng và đồng thời tận dụng các cơ hội đầu tư."
Bảo hiểm tài sản có bắt buộc không?,Có. Bảo hiểm tài sản là bắt buộc; Phí bảo hiểm do bên vay chịu. Nó chi trả chi phí xây dựng của ngôi nhà được tài trợ và giá trị tài sản trong trường hợp căn hộ chung cư.
Có độ tuổi tối thiểu để được hỗ trợ tài chính tại NUST Imarat Finance không?,"Kinh doanh mới: Tối thiểu 30 tuổi tại thời điểm nộp đơn, tuy nhiên độ tuổi không được vượt quá 60 tuổi khi khoản vay đáo hạn. Kinh doanh hiện có: Tối thiểu 30 tuổi tại thời điểm nộp đơn, tuy nhiên độ tuổi không được vượt quá 65 tuổi khi khoản vay đáo hạn."
Ai có thể đăng ký Tài chính Cá nhân NUST?,"1. Sĩ quan Lực lượng Vũ trang: Nhân viên đang tại ngũ, nhân viên đã nghỉ hưu. 2. Hạ sĩ quan/Cấp bậc tương đương & Thấp hơn: Nhân viên đang tại ngũ, nhân viên đã nghỉ hưu. 3. Lực lượng Vũ trang Đồng minh (SPD & các đơn vị liên kết) và Dân sự (tại GHQ/NHQ & AHQ): Nhân viên đang làm việc (Nhân viên Biên chế & Hợp đồng). 4. Tập đoàn Fauji Foundation: Nhân viên biên chế, nhân viên hợp đồng. 5. Cá nhân hưởng lương: Nhân viên biên chế, nhân viên hợp đồng. 6. Cơ quan Chính phủ / Bán Chính phủ / Tự trị: Nhân viên biên chế, nhân viên hợp đồng, nhân viên đã nghỉ hưu. 7. Nhân viên NUST (được điều chỉnh theo Chính sách Nhân sự)."
Giờ làm việc ngân hàng của NUST để sử dụng dịch vụ chuyển tiền kiều hối từ các chi nhánh NUST là khi nào?,"Khách hàng có thể sử dụng dịch vụ chuyển tiền kiều hối từ các chi nhánh nội địa của NUST trong giờ làm việc thông thường:
• Thứ Hai đến Thứ Năm: 09:00 sáng đến 05:00 chiều
• Thứ Sáu: 09:00 sáng đến 05:30 chiều
• Thứ Bảy: 09:00 sáng đến 01:30 chiều (thông qua các chi nhánh được chọn)"
Có yêu cầu nào về độ tuổi kinh doanh không?,Doanh nghiệp hiện hữu: Lịch sử hoạt động tối thiểu 3 năm.
Tài khoản Số Asaan của NUST là gì?,"Tài khoản Số Asaan của NUST là một sản phẩm ngân hàng số cung cấp một nền tảng đơn giản, dễ sử dụng để khách hàng quản lý tài chính của mình một cách thuận tiện trực tuyến."
Tần suất trả nợ trong NUST Ujala Finance là gì?,Người vay SE/ME: Hàng tháng / Hàng quý. Người vay trong nước: Hàng tháng. Nhân viên NUST: Hàng tháng. Nhà cung cấp/Nhà cung cấp: Hàng quý/Nửa năm (theo dòng tiền của người vay).
Có bất kỳ bảo hiểm nào được áp dụng không?,Bảo hiểm Rút Tiền Mặt Từ ATM. Xử lý nhanh chóng các khoản vay Kamyab Jawan của Ngân hàng Nhà nước Pakistan (SBP).
Thời gian xử lý hồ sơ là bao lâu?,"Thời gian xử lý hồ sơ Tài chính Thế chấp là 30 ngày kể từ khi đăng nhập cho đến khi được phê duyệt, với điều kiện hồ sơ đầy đủ và kèm theo các tài liệu cần thiết."
Các tính năng miễn phí có sẵn với Tài khoản Chia sẻ Lợi nhuận và Thua lỗ (PLS) Tiết kiệm NUST là gì?,Bảng sao kê điện tử & Ngân hàng trực tuyến miễn phí. Gửi/Rút tiền mặt trực tuyến liên chi nhánh miễn phí (Trực tuyến). Chuyển khoản nội bộ miễn phí trong NUST qua chi nhánh (Chuyển khoản trực tuyến). Phát hành Séc ngân hàng miễn phí. Cảnh báo SMS miễn phí về Giao dịch Kỹ thuật số.
Mục đích của Tài chính Lúa gạo NUST được cung cấp cho những mục đích nào?,"Tài chính Tiền mặt (CF) Để đáp ứng nhu cầu vốn lưu động của các Nhà máy Xay xát Lúa gạo cho việc thu mua lúa theo công suất xay xát. Tài chính Hoạt động (RF) Để đáp ứng nhu cầu vốn lưu động của các Nhà máy Xay xát Lúa gạo, ví dụ như chi phí vận chuyển, lương & tiền công, tiện ích và các chi phí hành chính khác, v.v. (Việc thu mua lúa bằng nguồn vốn RF bị hạn chế)."
Tỷ lệ lợi nhuận cho tiền gửi có kỳ hạn bằng ngoại tệ là bao nhiêu?,"Tỷ lệ Lợi nhuận cho USD: 0,0025, GBP: 0,0025, EUR: 0."
Thời hạn tối đa của NUST Imarat Finance là bao lâu?,AIF 1: Tối đa 10 năm (Thời gian ân hạn lên đến 6 tháng). AIF 2: Tối đa 10 năm (Thời gian ân hạn lên đến 9 tháng). AIF 3: Tối đa 8 năm (Thời gian ân hạn lên đến 6 tháng). AIF 4: Tối đa 3 năm (Thời gian ân hạn lên đến 3 tháng). (Lãi suất sẽ được thu trong thời gian ân hạn).
Tôi có thể thực hiện thanh toán balloon hoặc chấm dứt hợp đồng trước hạn không?,"Có, tùy chọn thanh toán balloon hoặc chấm dứt hợp đồng trước hạn có sẵn cho tất cả khách hàng. Phí sẽ được áp dụng theo biểu phí hiện hành của Ngân hàng."
Thời hạn tài trợ tối thiểu và tối đa là bao lâu?,Tối thiểu 01 năm. Tối đa 04 năm (lên đến 7 năm đối với Khoản vay Giáo dục) hoặc theo Quy định Hiện hành của SBP (Ngân hàng Nhà nước Pakistan).
Hình thức trả nợ là gì?,"Khoản thanh toán trả góp hàng tháng (EMI) bao gồm tiền gốc, phí đánh dấu và phí bảo hiểm sẽ được thực hiện thông qua Ủy quyền Ghi nợ Trực tiếp (DDA) từ tài khoản của người vay được duy trì tại NUST."
Tiêu chí thu nhập tối thiểu hàng tháng là gì?,"Cơ quan Chính phủ / Bán Chính phủ / Tự trị, v.v.: Thường trú, 35.000 Rs/- Hợp đồng, 45.000 Rs/-; Công ty được phê duyệt: Thường trú, 40.000 Rs/- Hợp đồng, 60.000 Rs/-; Không được phê duyệt (Tài khoản lương với NUST): 70.000 Rs/- Hợp đồng, 80.000 Rs/-."
Tài khoản Chuyển tiền Kỹ thuật số NUST Asaan là gì?,"Tài khoản Chuyển tiền Kỹ thuật số NUST Asaan là một tài khoản chuyên biệt được thiết kế để hỗ trợ việc tiếp nhận và chuyển tiền kỹ thuật số một cách dễ dàng, cung cấp các giao dịch liền mạch và truy cập đơn giản."
Có độ tuổi tối thiểu nào để được hỗ trợ tài chính theo Chương trình Tài chính Xay xát Bột mì NUST không?,"Tuổi của người vay (trong trường hợp doanh nghiệp tư nhân) phải tối thiểu 20 tuổi, tuy nhiên không được vượt quá 65 tuổi tại thời điểm nộp đơn. Độ tuổi này có thể được nới lỏng trong trường hợp có kế hoạch kế thừa hiệu quả cho hoạt động kinh doanh. Tiêu chí này không áp dụng nếu doanh nghiệp là công ty hợp danh hoặc công ty trách nhiệm hữu hạn."
Có hạn ngạch nào dành cho phụ nữ không?,25% khoản vay sẽ dành cho người vay là nữ giới.
Có yêu cầu nào về doanh số tài khoản cho Tài chính Nhà máy Bột mì NUST không?,Tối thiểu 50% doanh số của người nộp đơn phải được chứng minh thông qua doanh số tài khoản tại ngân hàng.
Yêu cầu bảo đảm để được hưởng PMYB & ALS là gì?,"Cấp 2: i. Tín nhiệm; bảo lãnh cá nhân của bên vay. ii. 02 Séc lùi ngày cho số tiền trả góp. iii. 01 Séc lùi ngày cho toàn bộ số tiền vay cộng với phần lãi theo lịch trình khấu hao. Cấp 3: i. Thế chấp tài sản nhà ở/thương mại/công nghiệp do bên vay hoặc bên thứ ba sở hữu. ii. Hợp đồng cầm cố phương tiện đứng tên bên vay hoặc thành viên gia đình ruột thịt. iii. Tài sản bảo đảm thanh khoản (lien trên tiền gửi, chứng chỉ tiết kiệm, TDR, v.v.)."
Làm thế nào tôi có thể đăng ký vay?,Bạn có thể đăng ký bằng cách đến bất kỳ Chi nhánh nào của chúng tôi hoặc gọi cho chúng tôi tại Trung tâm Liên hệ 24 giờ theo số 111-000-787. Nhân viên tận tâm của chúng tôi sẽ giúp bạn hoàn thành đơn đăng ký vay và các thủ tục khác.
Có thể gửi kiều hối từ bất kỳ đâu đến Pakistan không?,"Có, kiều hối có thể được gửi từ khắp nơi trên thế giới đến Pakistan thông qua các đối tác đại lý của chúng tôi như Western Union, Mastercard, Dandelion Payments (RIA), v.v. Để biết thêm thông tin, vui lòng truy cập liên kết sau: https://NUSTbank.com/services-home-remittance-our-partners/"
Yêu cầu số tiền gửi tối thiểu để mở Tài khoản Tiết kiệm NUST Waqaar & Tiền gửi Có kỳ hạn NUST Waqaar là gì?,• Số tiền gửi tối thiểu để mở Tài khoản Tiết kiệm NUST Waqaar là 1.000 Rs. • Số tiền gửi tối thiểu để mở Tài khoản Tiền gửi Có kỳ hạn NUST Waqaar là 25.000 Rs. Lưu ý: Khách hàng phải là chủ tài khoản của NUST để đặt tiền vào Tiền gửi Có kỳ hạn NUST Waqaar.
Ngân hàng NUST có cung cấp dịch vụ tài trợ thời vụ cho các nhà máy xay xát gạo không?,"Tài trợ Gạo NUST được thiết kế để đáp ứng nhu cầu tài trợ thời vụ cho việc thu mua lúa và các chi phí quản lý khác của nhà máy xay xát gạo, dựa trên hiệu quả hoạt động trong quá khứ và năng lực xay xát nhằm thỏa mãn nhu cầu tài chính thời vụ của họ. Phạm vi của sản phẩm này nhắm vào các 'Nhà máy Xay xát Gạo' thuộc danh mục Doanh nghiệp Vừa và Nhỏ (SME)."
NUST Sahar Accounts là gì?,NUST Sahar Accounts là các tài khoản được thiết kế đặc biệt để cung cấp các lợi ích và dịch vụ cho khách hàng đang tìm kiếm các giải pháp ngân hàng linh hoạt dưới hình thức tài khoản tiết kiệm và tài khoản vãng lai.
Hạn mức cho vay của Chương trình Tài chính Xay xát Bột mì NUST là gì?,Mỗi bên (một thực thể duy nhất) có thể vay tối đa 75 triệu Rs cho Doanh nghiệp vừa (ME) và 25 triệu Rs cho Doanh nghiệp nhỏ (SE).
Tôi có thể sử dụng dịch vụ vay mua ô tô nếu không phải là người hưởng lương/doanh nhân/chuyên gia không?,"Có. Cá nhân có kiều hối, được hỗ trợ bởi sao kê ngân hàng và biên lai chuyển tiền có thể sử dụng dịch vụ vay mua ô tô."
Hạn mức cho vay của Chương trình Tài chính Xay xát Bột mì NUST là gì?,Mỗi bên (một thực thể duy nhất) có thể vay tối đa 75 triệu Rs cho Doanh nghiệp vừa (ME) và 25 triệu Rs cho Doanh nghiệp nhỏ (SE).
Ngân hàng của bạn có cung cấp tài khoản Tiền gửi Thanh toán không?,Tài khoản Tiền gửi Thanh toán được thiết kế đặc biệt cho những khách hàng có nhu cầu giao dịch ngân hàng thường xuyên và không cần hưởng Lợi nhuận.
Phí xử lý cho NUST Mortgage Finance là bao nhiêu?,Phí xử lý sẽ theo Biểu phí hiện hành của Ngân hàng (SOC).
Khoản vay có thể được cấp dưới danh nghĩa Tài chính NUST Ujala là bao nhiêu?,i. Doanh nghiệp nhỏ – lên đến 15 triệu Rupees ii. Doanh nghiệp vừa – lên đến 25 triệu Rupees iii. Người dùng trong nước – từ 0.5 triệu đến 3.0 triệu Rupees iv. Nhân viên NUST: lên đến 3.00 triệu Rupees v. Nhà cung cấp/Nhà bán: Từ 5 triệu đến 25 triệu Rupees – (Một nhà cung cấp duy nhất)
Số tiền tài trợ tối thiểu và tối đa là bao nhiêu?,"Số tiền tài trợ tối thiểu là Rs. 500,000. Hạn mức tài trợ tối đa sẽ lên tới Rs.100,000,000/- và phụ thuộc vào Tỷ lệ Gánh nặng Nợ (DBR) 50% theo Quy định Ưu tiên của Ngân hàng Nhà nước Pakistan (SBP PRs) về Tài chính Nhà ở."
Các Thông Tin Quan Trọng Khác về Kế hoạch Bảo hiểm Nhân thọ Jubilee,"- Chỉ có Kế hoạch Giáo dục và Hôn nhân là các kế hoạch Thời gian Giới hạn với Quyền lợi Tiếp tục (trong trường hợp tử vong, khoản thanh toán sẽ được thực hiện khi đáo hạn).
- Trong trường hợp tử vong, Giá trị Tiền mặt hoặc Số tiền Bảo đảm, tùy theo giá trị nào cao hơn, sẽ được thanh toán.
- Các chế độ Thanh toán Phí định kỳ Hàng năm / Nửa năm / Quý có sẵn theo sự thuận tiện của khách hàng.
- Sự tăng trưởng của hợp đồng phụ thuộc vào mức tăng trưởng tỷ giá thị trường của các đơn vị Quỹ tương hỗ liên kết (Nhiều lựa chọn quỹ có sẵn từ JLI).
- Các khiếu nại tử vong sẽ được Jubilee Life xử lý, với điều kiện hoàn tất các tài liệu yêu cầu và hợp đồng phải ở trạng thái Đang hoạt động, Đang duy trì hiệu lực, hoặc Đã phục hồi hiệu lực."
Phí bảo hiểm hàng tháng cho một chiếc xe trị giá 3 triệu Rupees là bao nhiêu?,"Với mức phí bảo hiểm hiện tại là 1,75% mỗi năm, phí hàng tháng sẽ là 4.375 Rupees. Mức phí bảo hiểm một khi đã được ấn định sẽ giữ nguyên trong suốt thời hạn tài trợ."
Cơ cấu pháp lý của doanh nghiệp nên như thế nào để được hưởng Tài chính NUST Imarat?,"Chủ sở hữu duy nhất, Công ty hợp danh (đã đăng ký), Công ty trách nhiệm hữu hạn tư nhân, Công ty trách nhiệm hữu hạn."
Các khoản phí dịch vụ/tài liệu/pháp lý tại NUST Imarat Finance là bao nhiêu?,Theo thực tế.
Các tính năng chính của Tài khoản Tiền gửi Hiện tại là gì?,"Được cung cấp bằng VNDĐ (PKR) & Ngoại tệ (USD, GBP, EUR, JPY & AED); Số tiền gửi tối thiểu để mở tài khoản là Rs.5,000 đối với VNDĐ, US $500 hoặc số tiền tương đương đối với Ngoại tệ; Không yêu cầu số dư tối thiểu hàng tháng; Thẻ Ghi nợ cho tài khoản PKR; Không giới hạn số tiền ghi có và ghi nợ hàng tháng"
Các khoản phí dịch vụ/tài liệu/pháp lý trong Ask Fauri Business Finance là gì?,Theo thực tế.
Thời hạn tối đa của Tài chính Nhà máy Bột mì NUST là bao lâu?,Tối đa 1 năm theo các hành lang dọn dẹp.
Bản chất của các khoản vay được cho phép trong PMYB & ALS?,• Khoản vay dài hạn / Khoản vay phát triển • Khoản vay vốn lưu động / Khoản vay sản xuất
Tài khoản Doanh nghiệp Value Plus (VP-BA) là gì?,Tài khoản Doanh nghiệp Value Plus (VP-BA) là một tài khoản doanh nghiệp cung cấp một loạt lợi ích và giải pháp được thiết kế riêng để các doanh nghiệp quản lý giao dịch tài chính của họ một cách hiệu quả.
Tài khoản NUST Waqaar là gì?,"Tài khoản NUST Waqaar là một loại tài khoản do Ngân hàng NUST cung cấp, được thiết kế riêng để mang lại các giải pháp ngân hàng đặc thù, cung cấp những tính năng phù hợp với nhu cầu của khách hàng về tiết kiệm và giao dịch."
Tiêu chí Đủ điều kiện cho thực thể kinh doanh trong Ask Fauri Business Finance là gì?,Tất cả trừ cá nhân.
Phí xử lý cho Đơn xin Tài chính NUST Imarat là bao nhiêu?,"30.000 Rs hoặc 0,2% số tiền vay, tùy theo mức nào cao hơn (Không hoàn lại)."
Ai có thể đăng ký Tài chính Cá nhân NUST?,"1. Sĩ quan Lực lượng Vũ trang: Nhân viên đang tại ngũ, nhân viên đã nghỉ hưu. 2. Hạ sĩ quan/Cấp bậc tương đương & Thấp hơn: Nhân viên đang tại ngũ, nhân viên đã nghỉ hưu. 3. Lực lượng Vũ trang Đồng minh (SPD & các đơn vị liên kết) và Dân sự (tại GHQ/NHQ & AHQ): Nhân viên đang làm việc (Nhân viên Biên chế & Hợp đồng). 4. Tập đoàn Fauji Foundation: Nhân viên biên chế, nhân viên hợp đồng. 5. Cá nhân hưởng lương: Nhân viên biên chế, nhân viên hợp đồng. 6. Cơ quan Chính phủ / Bán Chính phủ / Tự chủ: Nhân viên biên chế, nhân viên hợp đồng, nhân viên đã nghỉ hưu. 7. Nhân viên NUST (được quản lý theo Chính sách Nhân sự)."
Các khoản phí áp dụng cho Chương trình Tài chính Hunarmand của NUST là gì?,Áp dụng theo quy định của PMYB & ALS.
Thị trường mục tiêu của Tài khoản Doanh nghiệp Giá trị Cộng Thêm là gì?,"Doanh nghiệp vừa, Công ty hợp danh, Công ty TNHH và Công ty đại chúng, Tổ chức Doanh nghiệp & Thương mại, Tổ chức Phi chính phủ (NGOs) / Tổ chức Phi lợi nhuận (NPOs) / Quỹ tín thác / Tổ chức Từ thiện."
Phí bảo hiểm là bao nhiêu?,Tính theo thực tế.
Độ tuổi tối thiểu để đăng ký Thẻ tín dụng NUST Mastercard là bao nhiêu?,"Tối thiểu 21 tuổi và là cư dân Pakistan, có thể đăng ký Thẻ tín dụng NUST MasterCard."
Phí xử lý cho NUST Mortgage Finance là bao nhiêu?,Phí xử lý sẽ theo Biểu phí hiện hành của Ngân hàng (SOC).
Phí xử lý cho NUST Mortgage Finance là bao nhiêu?,Phí xử lý sẽ theo Biểu phí hiện hành của Ngân hàng (SOC).
Người Pakistan ở nước ngoài có thể nhận được khoản Tài chính Cá nhân từ NUST không?,"Không, việc có mặt của người nộp đơn và người sử dụng lao động của họ là bắt buộc trong lãnh thổ Pakistan để đăng ký khoản Tài chính Cá nhân không thế chấp."
Khoản vay có thể được phê duyệt trong bao nhiêu ngày tại Ask Fauri Business Finance?,Thời gian xử lý (TAT) để hoàn tất việc phê duyệt được ấn định là 03 ngày làm việc kể từ ngày hoàn tất hồ sơ tiền phê duyệt.
Tôi có thể mua bảo hiểm Bancassurance từ tài khoản của mình được duy trì tại Ngân hàng NUST không?,"Có, mọi khách hàng đủ 18 tuổi và có tài khoản tại Ngân hàng NUST đều đủ điều kiện mua bảo hiểm Bancassurance từ tài khoản của họ."
"Loại tài khoản của Tài khoản Little Champs là gì, tiết kiệm hay giao dịch?",Tài khoản này được cung cấp ở cả hai loại là giao dịch và tiết kiệm.
Các khoản phí dịch vụ/tài liệu/pháp lý trong Tài chính Nhà máy Bột mì NUST là gì?,Theo thực tế.
Tôi có thể mua hợp đồng Bancassurance từ tài khoản của mình được duy trì tại Ngân hàng NUST không?,"Có, mọi khách hàng đạt độ tuổi 18 và có tài khoản tại Ngân hàng NUST đều đủ điều kiện mua hợp đồng Bancassurance từ tài khoản của họ."
Tần suất trả nợ tại NUST Imarat Finance là gì?,Hàng tháng/Hàng quý.
Loại tài khoản của NAA là gì?,NAA có thể được mở cả trong Tài khoản Vãng lai và Tiết kiệm.
Phí bảo hiểm là bao nhiêu?,Tính theo thực tế.
Ngân hàng NUST có cung cấp tài khoản nào cho Người Pakistan không định cư (NRP) không?,"Có, Tài khoản Roshan Digital. Được thiết kế đặc biệt cho Cá nhân Người Pakistan không định cư (NRP) muốn thực hiện các hoạt động ngân hàng, thanh toán và đầu tư tại Pakistan."
Tài khoản Little Champs có những tính năng gia tăng giá trị nào khác?,"• Lợi tức hấp dẫn trên tài khoản tiết kiệm
• Dịch vụ cảnh báo SMS cho giao dịch kỹ thuật số
• Dịch vụ ngân hàng trực tuyến
• Kế hoạch bảo hiểm giáo dục miễn phí – 5.000 Rs mỗi tháng trong 5 năm đối với tài khoản tiết kiệm và 10.000 Rs mỗi tháng trong 5 năm đối với tài khoản vãng lai trong trường hợp người giám hộ qua đời."
Ngân hàng NUST có cung cấp tài khoản cho Người Pakistan không cư trú (NRP) không?,"Có, Tài khoản Roshan Digital. Được thiết kế đặc biệt cho Cá nhân Người Pakistan không cư trú (NRP) muốn thực hiện các hoạt động ngân hàng, thanh toán và đầu tư tại Pakistan."
Vui lòng cho tôi biết về việc thanh toán và tính toán lợi nhuận?,Tần suất Thanh toán Lợi nhuận: Hàng tháng. Tính toán Lợi nhuận: Số dư Trung bình Hàng tháng.
Tài khoản Roshan Digital có yêu cầu số dư tối thiểu không?,Không yêu cầu tiền gửi ban đầu. Không yêu cầu số dư tối thiểu.
Các Thông Tin Quan Trọng Khác về Kế hoạch Bảo hiểm Nhân thọ Jubilee,"- Chỉ có Kế hoạch Giáo dục và Hôn nhân là các kế hoạch Có thời hạn với Quyền lợi Tiếp tục (trong trường hợp tử vong, khoản thanh toán sẽ được thực hiện khi đáo hạn).
- Trong trường hợp tử vong, Giá trị Tiền mặt hoặc Số tiền Bảo đảm, tùy theo giá trị nào cao hơn, sẽ được chi trả.
- Các chế độ Thanh toán Phí bảo hiểm Hàng năm/Bán niên/Theo quý có sẵn tùy theo sự thuận tiện của khách hàng.
- Sự tăng trưởng của hợp đồng phụ thuộc vào mức tăng trưởng tỷ giá thị trường của các đơn vị Quỹ tương hỗ liên kết (Nhiều lựa chọn quỹ có sẵn từ JLI).
- Các khiếu nại tử vong sẽ được Jubilee Life xử lý, với điều kiện hoàn tất các tài liệu yêu cầu, và hợp đồng bảo hiểm phải ở trạng thái Đang hoạt động, Đang hiệu lực, hoặc Đã phục hồi hiệu lực."
Tỷ lệ lợi nhuận cho Tài khoản NUST Asaan là bao nhiêu?,Thanh toán lợi nhuận: Nửa năm một lần. Tỷ lệ lợi nhuận: 0.19.
Ai có thể mở Tài khoản Chuyển tiền Pak Wattan?,Người nhận chuyển tiền kiều hối chính danh (PRI) có thể mở tài khoản này.
Hình thức trả nợ là gì?,"Khoản thanh toán trả góp hàng tháng (EMI) bao gồm gốc, lãi và phí bảo hiểm sẽ được thực hiện thông qua Ủy quyền Ghi nợ Trực tiếp (DDA) từ tài khoản của người vay được duy trì tại NUST."
Tài trợ không được phép ở đâu?,"Tài trợ sẽ không được phép cho: Bất động sản Thương mại, Xây dựng hoặc sở hữu đất trên khu vực lấn chiếm Đất Công/Đất của Chính phủ, Các bất động sản xây dựng trái với Quy định của Cơ quan Nhà ở."
Thời hạn tối đa của Tài chính Nhà máy Bột mì NUST là bao lâu?,Tối đa 1 năm theo các hành lang dọn dẹp.
Ngân hàng NUST có đang cung cấp hình thức tài trợ theo mùa nào không?,Sản phẩm tài chính theo mùa 'Tài trợ Nhà máy Bột mì NUST' đã được xây dựng để tài trợ nhanh chóng theo hình thức cho vay theo chương trình. Sản phẩm này được thiết kế dành riêng cho các nhà máy bột mì để đáp ứng nhu cầu vốn lưu động của họ. Tài trợ Nhà máy Bột mì NUST đáp ứng các nhu cầu tài chính theo mùa cho việc thu mua lúa mì và các chi phí quản lý khác của các nhà máy bột. Phạm vi của sản phẩm nhắm mục tiêu đến các nhà máy bột mì thuộc danh mục Doanh nghiệp vừa và nhỏ (SME).
Hệ thống chi trả lợi nhuận cho Tài khoản Tiết kiệm NUST Sahar là gì?,"Chi trả lợi nhuận hàng tháng, Tính lợi nhuận dựa trên Số dư trung bình hàng tháng."
Tôi sẽ nhận được cập nhật về Đơn đăng ký Thẻ Tín dụng như thế nào?,Bạn cũng có thể đến thăm trực tiếp/gọi điện hoặc gửi email đến (các) trung tâm Dịch vụ Khách hàng của chúng tôi. Địa chỉ email: CustomerServices@NUSTbank.com.pk.
Độ tuổi tối đa để đăng ký Thẻ tín dụng NUST Mastercard là bao nhiêu?,"Người hưởng lương (Thường xuyên): 60 tuổi, Người hưởng lương (Hợp đồng)/ Người về hưu/ Kinh doanh cá thể/ Chuyên nghiệp tự do: 65 tuổi."
Tài khoản Kỹ thuật số NUST Freelancer có giới hạn Tín dụng và Ghi nợ nào không?,"Các giới hạn Giao dịch sau được áp dụng:
Giới hạn Số dư Tín dụng tối đa: 5.000 USD hoặc giá trị tương đương
Giới hạn Ghi nợ Hàng tháng: 5.000 USD hoặc giá trị tương đương
Giới hạn Rút tiền Mặt: 500.000 PKR hoặc giá trị tương đương mỗi ngày"
Các tính năng chính của các Gói Bảo hiểm Nhân thọ Jubilee này là gì?,"- Thời gian Xem xét Miễn phí 14 ngày bắt đầu từ ngày khách hàng nhận được Tài liệu Chính sách.
- Hệ thống tăng trưởng Liên kết Đơn vị (JLI phân bổ các đơn vị quỹ tương hỗ cho khách hàng, sự tăng trưởng của chính sách phụ thuộc vào tốc độ tăng trưởng của đơn vị, giống như thị trường chứng khoán).
- Ngân hàng NUST chỉ đóng vai trò là Đại lý Bán hàng Doanh nghiệp, đây là một kế hoạch bảo hiểm không được coi là bất kỳ tài khoản hoặc tiền gửi có kỳ hạn nào với lợi nhuận hàng năm cố định.
- Trong trường hợp chấm dứt hợp đồng sớm, chỉ Giá trị Tiền mặt của chính sách sẽ được thanh toán cho khách hàng (tỷ lệ thị trường hiện tại của các đơn vị quỹ tương hỗ sẽ được hoàn trả).
- Việc hủy bỏ chính sách và tùy chọn hoàn tiền đầy đủ có sẵn nếu tài liệu chính sách được trả lại trong Thời gian Xem xét Miễn phí (14 ngày kể từ khi nhận được tài liệu).
- Giá trị Tiền mặt của chính sách có thể khác với lợi nhuận dự kiến được cung cấp trên tài liệu minh họa (tài liệu minh họa chỉ mang tính chất tham khảo)."
Ngân hàng của bạn có cung cấp tài khoản Lãi & Lỗ không?,"Có, Tài khoản Chia sẻ Lãi Lỗ được thiết kế đặc biệt để đáp ứng nhu cầu giao dịch và tiết kiệm của khách hàng."
Có hạn ngạch nào dành cho phụ nữ không?,25% khoản vay sẽ dành cho các bên vay là nữ giới.
EFU Life Bancassurance Policy là gì?,"EFU Life Bancassurance Policy là sản phẩm bảo hiểm được cung cấp thông qua Ngân hàng NUST hợp tác với Công ty Bảo hiểm Nhân thọ EFU, mang đến các giải pháp bảo hiểm nhân thọ đa dạng."
Có bất kỳ khoản phí phạt nào liên quan đến việc chấm dứt hợp đồng trước hạn/phạt trả trước hạn không?,"Phương thức Chấm dứt Trước hạn: Danh mục Chung: i. Trường hợp toàn bộ khoản vay còn lại được thanh toán trong vòng 3 năm kể từ lần giải ngân đầu tiên: Phí 3% trên tổng số dư nợ. ii. Trường hợp toàn bộ khoản vay còn lại được thanh toán sau 3 năm: Phí 2% trên tổng số dư nợ. Danh mục Lực lượng Vũ trang: i. Trường hợp toàn bộ khoản vay còn lại được thanh toán trong vòng 3 năm: Phí 2% trên tổng số dư nợ. ii. Trường hợp toàn bộ khoản vay còn lại được thanh toán sau 3 năm: Phí 1% trên tổng số dư nợ. Trả trước hạn: Cho phép trả trước hạn một lần mỗi năm lên đến 20% số dư nợ mà không bị phạt. Việc thanh toán vượt quá 20% sẽ bị tính phí 2% trên số tiền trả trước. Đối với Lực lượng Vũ trang: Cho phép trả trước hạn một lần mỗi năm lên đến 30% số dư nợ mà không bị phạt. Việc thanh toán vượt quá 30% sẽ bị tính phí 1% trên số tiền trả trước. Phí chấm dứt trước hạn sẽ không áp dụng trong trường hợp cải tạo, sửa chữa."
Các yêu cầu về số dư ban đầu/tối thiểu cho Tài khoản Chuyển tiền PakWatan là gì?,Không yêu cầu tiền gửi ban đầu. Không yêu cầu số dư tối thiểu.
Tài khoản tiền gửi không kỳ hạn (CDA) là gì?,"Tài khoản tiền gửi không kỳ hạn (CDA) là một loại tài khoản cung cấp cho doanh nghiệp và cá nhân một cách để quản lý các giao dịch hàng ngày, bao gồm gửi tiền, rút tiền và chuyển khoản, mà không có bất kỳ hạn chế nào về số lượng giao dịch."
Ngân hàng NUST có đang cung cấp Tài khoản Ngân hàng Kỹ thuật số đơn giản không?,"Có, Tài khoản Kỹ thuật số Asaan của NUST đang được cung cấp."
Tần suất trả nợ gốc trong Ask Fauri Business Finance là gì?,"AFBF-1: Khi đáo hạn, AFBF-2: Hàng tháng / Hàng quý, AFBF-3: Khi hết hạn / mua lại, AFBF-4: Khi nghỉ hưu."
Hạn mức cho vay của Tài chính NUST Sahar là gì?,Kinh doanh mới: Khoản vay tối đa 3.00 triệu Rupees. Kinh doanh hiện có: Khoản vay tối đa 5.00 triệu Rupees.
NUST đang cung cấp những tiện ích miễn phí nào trên Tài khoản Vãng lai NUST Sahar?,"Sổ Séc Đầu tiên, Phát hành Thẻ Ghi nợ Đầu tiên, Giảm giá 50% cho năm đầu tiên thuê Tủ khóa (tùy thuộc vào tình trạng có sẵn của tủ), Phát hành Séc của Ngân hàng, Rút/Gửi Tiền Mặt Liên Chi nhánh Trực tuyến (Online), Chuyển Khoản Nội bộ trong NUST qua chi nhánh (Chuyển khoản Trực tuyến), Cảnh báo SMS cho tất cả các Giao dịch Ngân hàng, Ngân hàng Di động và I-Net, Tiện ích Sao kê Điện tử và nhiều hơn nữa. Các Khoản phí/Phí Thường niên Tiếp theo sẽ được tính theo Biểu phí Hiện hành."
Tỷ lệ lợi nhuận cho Tài khoản NUST Asaan là bao nhiêu?,Chi trả lợi nhuận: Nửa năm một lần. Tỷ lệ lợi nhuận: 0.19.
Tài khoản Chuyển tiền Kỹ thuật số NUST Asaan là gì?,"Tài khoản Chuyển tiền Kỹ thuật số NUST Asaan là một tài khoản chuyên biệt được thiết kế để hỗ trợ việc tiếp nhận và chuyển tiền kỹ thuật số một cách dễ dàng, cung cấp các giao dịch liền mạch và truy cập đơn giản."
Ngân hàng có yêu cầu vốn chủ sở hữu cho chương trình này không?,Hạng 2: 10% (Kinh doanh mới). Hạng 3: 20% (Kinh doanh mới). Kinh doanh hiện tại: Không.
Các tính năng chính của Tài khoản Chia sẻ Lợi nhuận và Thua lỗ (PLS) của NUST là gì?,"Được cung cấp bằng nội tệ (PKR) và ngoại tệ (USD, GBP, EUR, JPY & AED). Tiền gửi mở tài khoản là 100 Rs. cho nội tệ, 500 USD hoặc số tiền tương đương cho ngoại tệ. Phát hành thẻ ghi nợ đối với tài khoản nội tệ. Cách tính lợi nhuận: Theo số dư trung bình hàng tháng. Tần suất trả lợi nhuận: Nửa năm một lần. Tỷ lệ lợi nhuận: 0,19% cho nội tệ, 0,1925% cho Tài khoản Hưu trí PLS."
Tài khoản Doanh nghiệp Cao cấp Value Premium (VPBA) là gì?,"Tài khoản Doanh nghiệp Cao cấp Value Premium (VPBA) là một tài khoản doanh nghiệp cấp cao, được thiết kế dành cho các doanh nghiệp đang tìm kiếm các dịch vụ và tính năng ngân hàng cao cấp để đáp ứng nhu cầu hoạt động của họ."
Phí xử lý hồ sơ là bao nhiêu?,Theo Biểu phí hiện hành (SOC) hoặc theo thỏa thuận với doanh nghiệp.
Phí xử lý cho Đơn xin Tài chính NUST Imarat là bao nhiêu?,"30.000 Rs hoặc 0,2% số tiền vay, tùy theo mức nào cao hơn (Không hoàn lại)."
Thời hạn vay tối đa là bao lâu?,• Đối với xe có dung tích xi-lanh lên đến 1000 CC: tối đa 5 năm. • Đối với xe có dung tích xi-lanh trên 1000 CC: tối đa 3 năm.
Các dịch vụ miễn phí được cung cấp trên Tài khoản Vãng lai NUST Sahar Asaan là gì?,"Gửi tiền mặt/Rút tiền mặt trực tuyến liên chi nhánh miễn phí (Trực tuyến), Chuyển khoản nội bộ miễn phí trong NUST qua chi nhánh (Chuyển khoản trực tuyến), Phát hành Séc Ngân hàng miễn phí, Ngân hàng điện tử I-Net miễn phí, Bảng sao kê điện tử miễn phí, Cảnh báo SMS miễn phí cho các giao dịch kỹ thuật số."
Tài khoản này có được bảo hiểm không?,"• Bảo hiểm Rút tiền mặt tại ATM lên đến hạn mức rút tiền mặt hàng ngày của thẻ ghi nợ từ các máy ATM của Ngân hàng NUST. • Bảo hiểm 'Tử vong do Tai nạn & Thương tật Vĩnh viễn' 24 giờ trên toàn thế giới cho chủ thẻ ghi nợ. Lần lượt là 500.000 Rs và 700.000 Rs cho Thẻ ghi nợ Classic và Gold. • Bảo hiểm 'Tử vong do Tai nạn & Thương tật Vĩnh viễn' 24 giờ trên toàn thế giới. Số tiền bảo hiểm cho mỗi chủ tài khoản sẽ tương đương với bốn lần số dư trung bình hoàn thành trong sáu tháng qua – tối đa lên đến 2,5 triệu Rs."
Có phí trả chậm không?,Phí trả chậm 1.000 PKR cộng FED sẽ được tính sau ngày thứ 30 kể từ khi khoản trả góp quá hạn.
Tài khoản Little Champs là gì?,Tài khoản Little Champs là một sản phẩm được thiết kế đặc biệt cho trẻ vị thành niên (cá nhân dưới 18 tuổi). Trẻ em cần sự hỗ trợ của người giám hộ hợp pháp/cha mẹ để mở tài khoản này và sử dụng các tiện ích của nó.
Ngân hàng có cung cấp lựa chọn Tiền gửi có kỳ hạn với tài khoản này không?,"Có, tùy chọn đặt Tiền gửi có kỳ hạn NUST Sahar độc quyền từ Tài khoản vãng lai NUST Sahar với lãi suất hấp dẫn là có sẵn."
Tôi nhận được những lợi ích nào khác khi sử dụng VPBA?,Xử lý Tài trợ nhanh chóng. Giải pháp Xử lý Lương được Tùy chỉnh & Quản lý Tiền mặt (ACMS). Bảo hiểm Rút tiền mặt tại ATM.
Các tính năng nổi bật của Tài khoản NUST Waqaar là gì?,"• Tiết kiệm: Độ tuổi tối thiểu để đủ điều kiện: 55 tuổi, Cách tính lợi nhuận: Số dư trung bình hàng tháng, Tần suất chi trả lợi nhuận: Hàng tháng, Phát hành Thẻ ghi nợ & Sổ séc theo SOC hiện hành (đối với tài khoản được liên kết), Loại tiền: PKR. • Tiền gửi có kỳ hạn: Thời hạn: 1 Năm, Lãi suất: 0.1675, Tần suất chi trả lợi nhuận: Hàng tháng, Phát hành Thẻ ghi nợ & Sổ séc theo SOC hiện hành."
Thời hạn tối đa trong PMYB & ALS là bao lâu?,Khoản vay dài hạn: Tối đa 8 năm (Thời gian ân hạn tối đa 1 năm). Khoản vay vốn lưu động: Tối đa 05 năm (Thời gian ân hạn tối đa 2 năm). Lãi suất sẽ được thu trong thời gian ân hạn.
Các khoản phí dịch vụ/tài liệu/pháp lý trong Tài chính Xay xát Bột mì NUST là bao nhiêu?,Theo thực tế.
Tài khoản NUST Waqaar là gì?,"Tài khoản NUST Waqaar là một loại tài khoản do Ngân hàng NUST cung cấp, được thiết kế riêng để đưa ra các giải pháp ngân hàng cụ thể, mang đến những tính năng phù hợp với nhu cầu của khách hàng về tiết kiệm và giao dịch."
Giờ làm việc ngân hàng của NUST để sử dụng dịch vụ chuyển tiền kiều hối từ các Chi nhánh NUST là khi nào?,"Khách hàng có thể sử dụng dịch vụ chuyển tiền kiều hối từ các chi nhánh nội địa của NUST trong giờ làm việc thông thường:
• Thứ Hai đến Thứ Năm: 09:00 sáng đến 05:00 chiều
• Thứ Sáu: 09:00 sáng đến 05:30 chiều
• Thứ Bảy: 09:00 sáng đến 01:30 chiều (thông qua các chi nhánh được chọn)"
Ngân hàng NUST có đang cung cấp Tài khoản Ngân hàng Kỹ thuật số đơn giản không?,"Có, Tài khoản Kỹ thuật số Asaan của NUST đang được cung cấp."
Ngân hàng NUST có đang cung cấp sản phẩm tài chính nào liên quan đến các giải pháp năng lượng tái tạo/thay thế không?,"Ngân hàng NUST đã xây dựng một sản phẩm tài chính mới với tên gọi 'Tài chính NUST Ujala' theo chương trình tái cấp vốn của Ngân hàng Nhà nước Pakistan (SBP), trong phạm vi dành cho Doanh nghiệp vừa và nhỏ (SME). Chương trình Sản phẩm được phát triển nhằm cung cấp tài chính cho việc lắp đặt thiết bị năng lượng mặt trời như một nguồn năng lượng thay thế."
Có phí phạt rút tiền trước hạn trong Tiền gửi có kỳ hạn NUST Maximiser không?,"Việc rút tiền Tiền gửi có kỳ hạn NUST Maximiser trước ngày đáo hạn sẽ chịu phí phạt rút tiền trước hạn như sau: Số tiền gốc x 1,5% mỗi năm trên thời gian còn lại của Tiền gửi có kỳ hạn. (Ví dụ: nếu một giao dịch được đặt cho 5 năm nhưng rút sau 2 năm – phí phạt/chi phí sẽ là 4,5% x Số tiền gốc). Mức phí phạt/chi phí tối thiểu là 1,5% số tiền gốc. Số tiền phạt sẽ chỉ trong phạm vi lợi nhuận đã trả/ có thể trả."
Thời hạn tối đa tại NUST Hunarmand Finance là bao lâu?,Khoản vay dài hạn: Tối đa 8 năm (Thời gian ân hạn tối đa 1 năm). Khoản vay vốn lưu động: Tối đa 5 năm (Thời gian ân hạn tối đa 2 năm). Lãi suất sẽ được thu trong thời gian ân hạn.
Thị trường mục tiêu là gì?,Cá nhân điều hành doanh nghiệp dịch vụ tự do
Tỷ lệ lợi nhuận cho Tài khoản NUST Waqaar - Công dân Cao tuổi là bao nhiêu?,Thanh toán lợi nhuận: Hàng tháng. Tỷ lệ lợi nhuận: 0.19.
Phí định giá/BOQ là gì?,Tính theo thực tế.
Hạn mức cho vay của PMYB & ALS là gì?,"Bậc 2: Trên 0,5 triệu Rupee và lên đến 1,5 triệu Rupee. Bậc 3: Trên 1,5 triệu Rupee và lên đến 7,5 triệu Rupee."
Ai đủ điều kiện mở tài khoản này?,"Đối tượng đủ điều kiện mở Tài khoản Số Asaan của NUST bao gồm: Lực lượng lao động có tay nghề/không có tay nghề, Người ít học/không biết chữ, Nông dân, Công nhân/Lao động theo ngày, Phụ nữ/Nội trợ, Cá nhân tự kinh doanh và Thanh niên."
Ngân hàng NUST có cung cấp tài khoản nào mang lại lợi nhuận hấp dẫn cho khoản tiết kiệm của tôi không?,Tài khoản Tiền gửi Đặc biệt NUST (ASDA) được thiết kế đặc biệt cho các khách hàng có số dư lớn để đáp ứng nhu cầu giao dịch và tiết kiệm của họ.
Bản chất của khoản vay được cho phép tại Quỹ Tài chính Hunarmand NUST?,• Khoản vay dài hạn / Khoản vay Phát triển • Khoản vay Vốn lưu động / Sản xuất.
Cơ cấu pháp lý của doanh nghiệp nên như thế nào để được hưởng Tài chính NUST Imarat?,"Chủ sở hữu duy nhất, Công ty hợp danh (đã đăng ký), Công ty trách nhiệm hữu hạn tư nhân, Công ty trách nhiệm hữu hạn."
Thời hạn tài trợ là bao lâu?,Thời hạn vay tối thiểu là 3 năm và tối đa là 25 năm.
Tôi có thể sử dụng Dịch vụ Cho vay nếu có khoản nợ quá hạn từ các khoản vay trước đó không?,Không. Việc thanh toán đều đặn các khoản vay trước đó là điều bắt buộc.
Chuyển tiền kiều hối là gì?,"Dịch vụ Chuyển tiền kiều hối cho phép người gửi chuyển tiền từ nước ngoài về Pakistan ngay lập tức, thuận tiện và an toàn thông qua kênh ngân hàng hợp pháp."
Ai sẽ bảo hiểm xe của tôi?,"Ngân hàng NUST có thỏa thuận bảo hiểm với các công ty bảo hiểm uy tín với mức phí bảo hiểm hấp dẫn, Miễn phí định vị và Bảo hiểm tử vong do tai nạn miễn phí lên đến 1 triệu Rs. Khách hàng phải chọn một công ty bảo hiểm theo ý muốn của họ từ Danh sách các công ty bảo hiểm của NUST."
Ai có thể mở Tài khoản Chuyển tiền Pak Wattan?,Người nhận chuyển tiền hợp pháp (PRI) có thể mở tài khoản này.
Bản chất của tài chính tại NUST Sahar Finance là gì?,i. Tài chính Dài hạn ii. Tài chính Ngắn hạn/Vốn lưu động
Mức tỷ lệ Mark-up hiện tại của Tài chính Nhà máy Bột mì NUST là gì?,"Tài chính Tiền mặt: KIBOR trung bình 3 tháng + 3% mỗi năm. Tài chính Hoạt động: KIBOR trung bình 3 tháng + 3,5% mỗi năm (được xem xét/điều chỉnh hàng quý)."
Loại tài khoản của NUST Freelancer Digital Account là gì? Là tài khoản vãng lai hay tiết kiệm?,"NUST Freelancer Digital Account cung cấp tài khoản vãng lai bằng PKR và FCY (USD, GBP, EUR, AED)."
Yêu cầu số dư mở và duy trì tối thiểu cho VPCA là gì?,"Không yêu cầu số dư mở tài khoản. Không yêu cầu số dư trung bình tối thiểu hàng tháng. Phân bổ tủ gửi đồ (khi có sẵn) khi duy trì số dư trung bình tối thiểu hàng tháng là Rs. 50,000."
Tôi có thể thế chấp tài sản sở hữu của mình để vay vốn không?,"Có, mục đích vay vốn phải phù hợp với mục đích được cơ quan quản lý quy định, bao gồm: Vay để xây dựng nhà trên lô đất ở thuộc sở hữu, Dịch vụ Chuyển khoản Dư nợ (BTF) để thay thế khoản vay hiện có của khách hàng từ các ngân hàng/Tổ chức Tài chính Phát triển (DFIs) khác, Cải tạo nhà/chung cư/căn hộ/đơn vị nhà ở thuộc sở hữu, Mở rộng/Cải thiện Đơn vị Nhà ở."
Ngân hàng NUST có cung cấp tài khoản nào mang lại lợi nhuận hấp dẫn cho khoản tiết kiệm của tôi không?,Tài khoản Tiền gửi Đặc biệt NUST (ASDA) được thiết kế đặc biệt cho các khách hàng có số dư lớn để đáp ứng nhu cầu giao dịch và tiết kiệm của họ.
Tỷ giá chuyển đổi nào sẽ được áp dụng khi chuyển tiền?,Tỷ giá chuyển đổi tương tự sẽ được áp dụng tại thời điểm gửi tiền. Ngân hàng liên kết hoặc Công ty chuyển đổi ngoại tệ xác nhận tỷ giá chuyển đổi với người gửi tại thời điểm chuyển tiền.
Có giới hạn nào đối với chi tiêu quốc tế không?,"Theo chỉ thị của Ngân hàng Nhà nước (SBP) có hiệu lực từ ngày 1 tháng 11 năm 2022, giới hạn tối đa hàng năm trên toàn ngành là 30.000 USD/người đối với các giao dịch xuyên biên giới dựa trên thẻ (thẻ ghi nợ/thẻ tín dụng và thẻ ảo). Đây là trách nhiệm chính của khách hàng để đảm bảo rằng giới hạn hàng năm của mình không bị vượt quá bất cứ lúc nào. Để tránh bất kỳ sự bất tiện nào, Quý khách được đề nghị vui lòng hạn chế chi tiêu quốc tế trong giới hạn đã quy định. Các khoản thanh toán thương mại xuyên biên giới qua thẻ phát hành cho cá nhân là không được phép. Lưu ý: Ngân hàng NUST có quyền từ chối bất kỳ đơn đăng ký nào theo tiêu chí của Ngân hàng."
EFU Life Bancassurance Policy là gì?,"EFU Life Bancassurance Policy là sản phẩm bảo hiểm được cung cấp thông qua Ngân hàng NUST hợp tác với Công ty Bảo hiểm Nhân thọ EFU, mang đến các giải pháp bảo hiểm nhân thọ đa dạng."
Tiêu chí tuổi tối đa để đăng ký Tài chính Thế chấp NUST là gì?,"Nhân viên biên chế: 60 tuổi tại thời điểm đáo hạn khoản vay, Nhân viên hợp đồng: 65 tuổi tại thời điểm đáo hạn khoản vay, Người hưởng lương hưu: 65 tuổi tại thời điểm đáo hạn khoản vay, Tự kinh doanh/Tự hành nghề (SEB/SEP): 65 tuổi tại thời điểm đáo hạn khoản vay."
Số tiền tài trợ tối thiểu và tối đa là bao nhiêu?,"Số tiền tài trợ tối thiểu là Rs. 50,000 (Rs. 35,000 dành cho JCOs đã nghỉ hưu & Hạ tầng - Phụ thuộc vào lương hưu với NUST). Tài trợ tối đa lên đến Rs. 3,000,000 (Đối với khách hàng không phải prime) và lên đến Rs. 4,000,000 (Đối với khách hàng prime). Giới hạn tài trợ tối đa sẽ lên đến 40% Tỷ lệ Gánh nặng Nợ và theo quy định của SBP PR."
Các tính năng chính của các Gói Bảo hiểm Nhân thọ Jubilee này là gì?,"- Thời gian Xem xét Miễn phí 14 ngày bắt đầu từ ngày khách hàng nhận được Tài liệu Chính sách.
- Hệ thống tăng trưởng Liên kết Đơn vị (JLI phân bổ các đơn vị Quỹ tương hỗ cho khách hàng, sự tăng trưởng của hợp đồng phụ thuộc vào sự tăng trưởng của tỷ lệ đơn vị, giống như thị trường chứng khoán).
- Ngân hàng NUST chỉ đóng vai trò là Đại lý Bán hàng Doanh nghiệp, đây là một kế hoạch bảo hiểm không được coi là bất kỳ tài khoản hoặc tiền gửi kỳ hạn nào có lợi nhuận hàng năm cố định.
- Trong trường hợp chấm dứt hợp đồng sớm, chỉ Giá trị Tiền mặt của hợp đồng sẽ được thanh toán cho khách hàng (tỷ lệ thị trường hiện tại của các đơn vị Quỹ tương hỗ sẽ được hoàn trả).
- Việc hủy bỏ hợp đồng và tùy chọn hoàn tiền đầy đủ có sẵn nếu tài liệu chính sách được trả lại trong Thời gian Xem xét Miễn phí (14 ngày kể từ khi nhận được tài liệu).
- Giá trị Tiền mặt của hợp đồng có thể khác với lợi nhuận dự kiến được cung cấp trong tài liệu minh họa (tài liệu minh họa chỉ mang tính chất tham khảo)."
Tỷ lệ lợi nhuận cho Tài khoản Asaan của NUST là bao nhiêu?,Chi trả lợi nhuận: Nửa năm một lần. Tỷ lệ lợi nhuận: 0.19.
Các khoản phí dịch vụ/tài liệu/pháp lý trong Tài chính Xay xát Bột mì NUST là gì?,Theo thực tế.
Hình thức trả nợ là gì?,"Khoản thanh toán trả góp hàng tháng (EMI) bao gồm tiền gốc, phí đánh dấu và chi phí bảo hiểm, v.v. sẽ được thực hiện thông qua Ủy quyền Ghi nợ Trực tiếp (DDA) từ tài khoản của người vay được duy trì tại NUST."
Có giới hạn nào về số tiền nhận được thông qua Dịch vụ Chuyển tiền NUST không?,"Dưới đây là các giới hạn áp dụng:
• Tài khoản NUST - Không giới hạn
• Tài khoản ngân hàng khác - Không giới hạn
• Giao dịch tiền mặt tại quầy (CoC) - Lên đến 1.000.000 PKR mỗi giao dịch và không giới hạn số lượng giao dịch Western Union COC"
Ngân hàng NUST có cung cấp tài khoản nào cho mục đích nhận kiều hối không?,"Có, Tài khoản Nhận Kiều hối PakWatan. Thông qua Tài khoản Nhận Kiều hối PakWatan, người thụ hưởng có thể nhanh chóng và an toàn nhận kiều hối từ người thân đang sinh sống ở nước ngoài trực tiếp vào tài khoản ngân hàng của mình mà không cần phải đến chi nhánh."
Bancassurance được cung cấp bởi ba công ty cung cấp bảo hiểm sau:,"• Công ty TNHH Bảo hiểm Nhân thọ NUST
• Công ty TNHH Bảo hiểm Nhân thọ EFU
• Công ty TNHH Bảo hiểm Nhân thọ Jubilee."
Yêu cầu bảo đảm an ninh để được hưởng PMYB & ALS là gì?,"Bậc 2: i. Sạch; bảo lãnh cá nhân của người vay. ii. 02 Séc ngày sau cho số tiền trả góp. iii. 01 Séc ngày sau cho toàn bộ số tiền vay cộng với phần lãi suất theo lịch trình khấu hao. Bậc 3: i. Thế chấp tài sản nhà ở/thương mại/công nghiệp do người vay hoặc bên thứ ba sở hữu. ii. HPA trên phương tiện mang tên người vay hoặc thành viên gia đình ruột thịt. iii. Tài sản bảo đảm thanh khoản (lien trên tiền gửi, Chứng chỉ tiết kiệm, TDRs, v.v.)."
Ngân hàng có yêu cầu vốn chủ sở hữu cho chương trình này không?,Hạng 2: 10% (Kinh doanh mới). Hạng 3: 20% (Kinh doanh mới). Kinh doanh hiện tại: Không.
Điều gì xảy ra nếu tôi không thực hiện được nghĩa vụ thanh toán?,"Trong trường hợp quá hạn/vi phạm thanh toán, bộ phận thu hồi của NUST sẽ liên hệ với bạn, thông tin khoản vay của bạn sẽ được báo cáo cho Cục Tín dụng. Khoản phí trả chậm sẽ được áp dụng theo biểu phí hiện hành. Ngân hàng cũng có thể khởi động các thủ tục pháp lý."
Có bất kỳ lợi ích nào khác khi mở Tài khoản Chuyển tiền PakWatan không?,"• Miễn thuế WHT (thuế khấu trừ tại nguồn) khi rút tiền mặt đối với các khoản kiều hối nhận được từ nước ngoài. • Khách hàng cũng có thể đủ điều kiện nhận Tài chính Cá nhân, Thẻ Tín dụng và Tài chính Ô tô sau sáu tháng duy trì Tài khoản Chuyển tiền PakWatan, tùy thuộc vào các tiêu chí đủ điều kiện của ngân hàng."
Các tính năng chính của Tài khoản Chia sẻ Lợi nhuận và Thua lỗ (PLS) của NUST là gì?,"Được cung cấp bằng nội tệ (PKR) & ngoại tệ (USD, GBP, EUR, JPY & AED). Tiền gửi mở tài khoản là 100 Rs. cho nội tệ, 500 USD hoặc tương đương cho ngoại tệ. Phát hành thẻ ghi nợ đối với tài khoản nội tệ. Cách tính lợi nhuận: Theo số dư trung bình hàng tháng. Tần suất chi trả lợi nhuận: Nửa năm một lần. Tỷ lệ lợi nhuận: 0,19% cho nội tệ, 0,1925% cho Tài khoản Hưu trí PLS."
Tỷ lệ lợi nhuận cho Tài khoản Tiền gửi Đặc biệt NUST (ASDA) là bao nhiêu?,Thanh toán lợi nhuận: Hàng tháng / Nửa năm. Tỷ lệ lợi nhuận: 0.19.
Tỷ lệ Mark-up hiện tại của Ask Fauri Business Finance là bao nhiêu?,"AFBF-1: 3MK /COD +1.50%, AFBF-2: 12 MK /COD +2.0%, AFBF-3: Theo SOC, AFBF-4: Theo SOC."
Tôi có thể nhận kiều hối tại Pakistan nếu không có tài khoản ngân hàng ở bất kỳ ngân hàng nào không?,Bạn có thể nhận kiều hối của mình từ bất kỳ chi nhánh nào trong số 600+ chi nhánh trong nước của NUST trên toàn quốc nếu bạn có CNIC hợp lệ và Mã số tham chiếu giao dịch duy nhất / Mã pin.
Ngân hàng của bạn có cung cấp tài khoản nào cho người cao tuổi không?,"Tài khoản NUST Waqaar được phát triển dành cho người cao tuổi, cho phép họ thực hiện các giao dịch ngân hàng và đồng thời tận dụng các cơ hội đầu tư."
Tài khoản Roshan Digital có yêu cầu số dư tối thiểu không?,Không yêu cầu tiền gửi ban đầu. Không yêu cầu số dư tối thiểu.
Yêu cầu tiền gửi ban đầu của Tài khoản Vãng lai NUST Sahar Asaan là gì?,Chỉ 100 Rs.
